task_name,s_time,e_time,diff_time,seconds
LOAD,2014-11-18 19:08:26.77334,2014-11-18 19:19:08.525344,00:10:41.752004,641.752004
PERF.POWER.RF1,2014-11-18 19:19:10.975958,2014-11-18 19:19:27.072729,00:00:16.096771,16.096771
PERF.POWER.Q14,2014-11-18 19:19:27.090877,2014-11-18 19:19:39.948843,00:00:12.857966,12.857966
PERF.POWER.Q2,2014-11-18 19:19:39.96568,2014-11-18 19:19:46.787675,00:00:06.821995,6.821995
PERF.POWER.Q9,2014-11-18 19:19:46.80288,2014-11-18 19:21:15.157702,00:01:28.354822,88.354822
PERF.POWER.Q20,2014-11-18 19:21:15.172584,2014-11-18 19:21:23.389074,00:00:08.21649,8.21649
PERF.POWER.Q6,2014-11-18 19:21:23.405961,2014-11-18 19:21:39.64131,00:00:16.235349,16.235349
PERF.POWER.Q17,2014-11-18 19:21:39.660513,2014-11-18 19:21:40.142294,00:00:00.481781,0.481781
PERF.POWER.Q18,2014-11-18 19:21:40.157025,2014-11-18 19:22:36.130929,00:00:55.973904,55.973904
PERF.POWER.Q8,2014-11-18 19:22:36.148145,2014-11-18 19:22:46.163518,00:00:10.015373,10.015373
PERF.POWER.Q21,2014-11-18 19:22:46.178542,2014-11-18 19:23:23.313473,00:00:37.134931,37.134931
PERF.POWER.Q13,2014-11-18 19:23:23.327102,2014-11-18 19:23:49.706642,00:00:26.37954,26.37954
PERF.POWER.Q3,2014-11-18 19:23:49.725226,2014-11-18 19:24:15.927106,00:00:26.20188,26.20188
PERF.POWER.Q22,2014-11-18 19:24:15.946981,2014-11-18 19:24:23.818193,00:00:07.871212,7.871212
PERF.POWER.Q16,2014-11-18 19:24:23.836986,2014-11-18 19:24:33.428658,00:00:09.591672,9.591672
PERF.POWER.Q4,2014-11-18 19:24:33.45083,2014-11-18 19:24:42.480835,00:00:09.030005,9.030005
PERF.POWER.Q11,2014-11-18 19:24:42.503703,2014-11-18 19:24:44.511412,00:00:02.007709,2.007709
PERF.POWER.Q15,2014-11-18 19:24:44.530634,2014-11-18 19:25:05.462877,00:00:20.932243,20.932243
PERF.POWER.Q1,2014-11-18 19:25:05.485154,2014-11-18 19:26:30.670928,00:01:25.185774,85.185774
PERF.POWER.Q10,2014-11-18 19:26:30.692535,2014-11-18 19:26:54.709815,00:00:24.01728,24.01728
PERF.POWER.Q19,2014-11-18 19:26:54.731606,2014-11-18 19:26:55.354014,00:00:00.622408,0.622408
PERF.POWER.Q5,2014-11-18 19:26:55.375366,2014-11-18 19:27:10.054824,00:00:14.679458,14.679458
PERF.POWER.Q7,2014-11-18 19:27:10.073285,2014-11-18 19:27:27.513469,00:00:17.440184,17.440184
PERF.POWER.Q12,2014-11-18 19:27:27.534619,2014-11-18 19:27:49.121999,00:00:21.58738,21.58738
PERF.POWER.RF2,2014-11-18 19:27:49.131763,2014-11-18 19:28:23.589472,00:00:34.457709,34.457709
PERF.POWER,2014-11-18 19:19:10.968632,2014-11-18 19:28:23.598488,00:09:12.629856,552.629856
PERF.THRUPUT.QS7.Q9,2014-11-18 19:34:42.366202,2014-11-18 19:37:07.29028,00:02:24.924078,144.924078
PERF.THRUPUT.QS18.Q1,2014-11-18 19:35:20.982152,2014-11-18 19:37:20.514979,00:01:59.532827,119.532827
PERF.THRUPUT.QS17.Q19,2014-11-18 19:37:41.550134,2014-11-18 19:37:42.644121,00:00:01.093987,1.093987
PERF.THRUPUT.QS8.Q19,2014-11-18 19:30:11.385499,2014-11-18 19:30:13.166039,00:00:01.78054,1.78054
PERF.THRUPUT.QS8.ALL,2014-11-18 19:30:11.360362,2014-11-18 19:43:54.037458,00:13:42.677096,822.677096
PERF.THRUPUT.QS14.Q2,2014-11-18 19:30:11.670695,2014-11-18 19:30:22.890711,00:00:11.220016,11.220016
PERF.THRUPUT.QS5.ALL,2014-11-18 19:30:11.007979,2014-11-18 19:43:54.08547,00:13:43.077491,823.077491
PERF.THRUPUT.QS15.Q16,2014-11-18 19:30:11.124033,2014-11-18 19:30:23.606533,00:00:12.4825,12.4825
PERF.THRUPUT.QS22.Q16,2014-11-18 19:30:11.440483,2014-11-18 19:30:23.704161,00:00:12.263678,12.263678
PERF.THRUPUT.QS22.ALL,2014-11-18 19:30:11.414733,2014-11-18 19:43:54.891896,00:13:43.477163,823.477163
PERF.THRUPUT.QS20.Q16,2014-11-18 19:30:11.456551,2014-11-18 19:30:23.812267,00:00:12.355716,12.355716
PERF.THRUPUT.QS9.ALL,2014-11-18 19:30:11.076112,2014-11-18 19:44:19.846025,00:14:08.769913,848.769913
PERF.THRUPUT.QS21.Q20,2014-11-18 19:30:11.622218,2014-11-18 19:30:30.053643,00:00:18.431425,18.431425
PERF.THRUPUT.QS3.Q8,2014-11-18 19:30:11.445724,2014-11-18 19:30:32.056479,00:00:20.610755,20.610755
PERF.THRUPUT.QS19.Q4,2014-11-18 19:30:11.27862,2014-11-18 19:30:34.648257,00:00:23.369637,23.369637
PERF.THRUPUT.QS4.Q5,2014-11-18 19:30:11.250692,2014-11-18 19:30:34.650939,00:00:23.400247,23.400247
PERF.THRUPUT.RFST1.RF1,2014-11-18 19:30:10.494368,2014-11-18 19:30:35.57914,00:00:25.084772,25.084772
PERF.THRUPUT.QS24.Q7,2014-11-18 19:30:11.513852,2014-11-18 19:30:38.469122,00:00:26.95527,26.95527
PERF.THRUPUT.QS18.Q17,2014-11-18 19:34:58.239641,2014-11-18 19:34:59.58259,00:00:01.342949,1.342949
PERF.THRUPUT.QS18.Q14,2014-11-18 19:30:11.282131,2014-11-18 19:30:44.951775,00:00:33.669644,33.669644
PERF.THRUPUT.QS10.Q6,2014-11-18 19:30:11.265868,2014-11-18 19:30:44.951782,00:00:33.685914,33.685914
PERF.THRUPUT.QS2.Q6,2014-11-18 19:30:11.052483,2014-11-18 19:30:44.951925,00:00:33.899442,33.899442
PERF.THRUPUT.QS17.Q3,2014-11-18 19:30:11.162873,2014-11-18 19:30:45.017165,00:00:33.854292,33.854292
PERF.THRUPUT.QS6.Q10,2014-11-18 19:30:11.024534,2014-11-18 19:30:45.068966,00:00:34.044432,34.044432
PERF.THRUPUT.QS16.Q12,2014-11-18 19:39:40.355256,2014-11-18 19:40:03.046178,00:00:22.690922,22.690922
PERF.THRUPUT.QS2.Q17,2014-11-18 19:30:45.067738,2014-11-18 19:30:47.14168,00:00:02.073942,2.073942
PERF.THRUPUT.QS1.Q21,2014-11-18 19:30:11.298769,2014-11-18 19:30:51.043505,00:00:39.744736,39.744736
PERF.THRUPUT.QS5.Q21,2014-11-18 19:30:11.024742,2014-11-18 19:30:51.055396,00:00:40.030654,40.030654
PERF.THRUPUT.QS13.Q21,2014-11-18 19:30:11.193467,2014-11-18 19:30:51.074152,00:00:39.880685,39.880685
PERF.THRUPUT.QS16.Q19,2014-11-18 19:40:03.150054,2014-11-18 19:40:04.099267,00:00:00.949213,0.949213
PERF.THRUPUT.QS13.Q17,2014-11-18 19:30:51.187425,2014-11-18 19:30:52.408724,00:00:01.221299,1.221299
PERF.THRUPUT.QS18.Q4,2014-11-18 19:30:45.035271,2014-11-18 19:30:54.959736,00:00:09.924465,9.924465
PERF.THRUPUT.QS3.Q22,2014-11-18 19:34:57.267509,2014-11-18 19:35:07.362978,00:00:10.095469,10.095469
PERF.THRUPUT.QS3.Q5,2014-11-18 19:30:32.164244,2014-11-18 19:30:55.438298,00:00:23.274054,23.274054
PERF.THRUPUT.QS17.Q16,2014-11-18 19:30:45.105046,2014-11-18 19:30:56.409647,00:00:11.304601,11.304601
PERF.THRUPUT.QS22.Q14,2014-11-18 19:30:23.817979,2014-11-18 19:31:01.638858,00:00:37.820879,37.820879
PERF.THRUPUT.QS21.Q14,2014-11-18 19:30:30.151743,2014-11-18 19:31:01.640697,00:00:31.488954,31.488954
PERF.THRUPUT.QS19.Q12,2014-11-18 19:30:34.759694,2014-11-18 19:31:01.643483,00:00:26.883789,26.883789
PERF.THRUPUT.QS22.Q6,2014-11-18 19:39:57.649928,2014-11-18 19:40:23.976527,00:00:26.326599,26.326599
PERF.THRUPUT.QS24.Q20,2014-11-18 19:34:57.481351,2014-11-18 19:35:13.542218,00:00:16.060867,16.060867
PERF.THRUPUT.QS4.Q15,2014-11-18 19:32:08.983625,2014-11-18 19:33:46.757306,00:01:37.773681,97.773681
PERF.THRUPUT.QS4.Q17,2014-11-18 19:33:46.856098,2014-11-18 19:33:48.341617,00:00:01.485519,1.485519
PERF.THRUPUT.QS5.Q16,2014-11-18 19:33:40.334804,2014-11-18 19:33:51.186677,00:00:10.851873,10.851873
PERF.THRUPUT.QS5.Q19,2014-11-18 19:33:51.235405,2014-11-18 19:33:52.515117,00:00:01.279712,1.279712
PERF.THRUPUT.QS1.Q20,2014-11-18 19:33:46.829799,2014-11-18 19:34:03.359112,00:00:16.529313,16.529313
PERF.THRUPUT.QS18.Q6,2014-11-18 19:33:49.173482,2014-11-18 19:34:12.882437,00:00:23.708955,23.708955
PERF.THRUPUT.QS4.Q12,2014-11-18 19:33:48.412233,2014-11-18 19:34:13.019839,00:00:24.607606,24.607606
PERF.THRUPUT.QS13.Q12,2014-11-18 19:33:46.982141,2014-11-18 19:34:13.08862,00:00:26.106479,26.106479
PERF.THRUPUT.QS12.Q6,2014-11-18 19:33:55.73452,2014-11-18 19:34:33.850055,00:00:38.115535,38.115535
PERF.THRUPUT.QS15.Q10,2014-11-18 19:34:01.408213,2014-11-18 19:34:34.002012,00:00:32.593799,32.593799
PERF.THRUPUT.QS22.Q22,2014-11-18 19:35:03.20218,2014-11-18 19:35:13.938466,00:00:10.736286,10.736286
PERF.THRUPUT.QS18.Q20,2014-11-18 19:35:08.023071,2014-11-18 19:35:20.904046,00:00:12.880975,12.880975
PERF.THRUPUT.QS3.Q14,2014-11-18 19:35:07.459041,2014-11-18 19:35:31.179218,00:00:23.720177,23.720177
PERF.THRUPUT.QS19.ALL,2014-11-18 19:30:11.261545,2014-11-18 19:44:48.337048,00:14:37.075503,877.075503
PERF.THRUPUT.QS24.Q4,2014-11-18 19:35:13.660275,2014-11-18 19:35:33.997901,00:00:20.337626,20.337626
PERF.THRUPUT,2014-11-18 19:30:10.411935,2014-11-18 19:51:31.519519,00:21:21.107584,1281.107584
PERF.THRUPUT.QS17.Q10,2014-11-18 19:35:09.672264,2014-11-18 19:35:37.575624,00:00:27.90336,27.90336
PERF.THRUPUT.QS9.Q7,2014-11-18 19:40:27.954171,2014-11-18 19:40:59.77856,00:00:31.824389,31.824389
PERF.THRUPUT.QS15.Q13,2014-11-18 19:40:23.38293,2014-11-18 19:41:01.459508,00:00:38.076578,38.076578
PERF.THRUPUT.QS23.Q4,2014-11-18 19:41:01.65,2014-11-18 19:41:16.042361,00:00:14.392361,14.392361
PERF.THRUPUT.QS8.Q10,2014-11-18 19:40:38.026689,2014-11-18 19:41:16.55896,00:00:38.532271,38.532271
PERF.THRUPUT.QS9.Q12,2014-11-18 19:40:59.898019,2014-11-18 19:41:22.703228,00:00:22.805209,22.805209
PERF.THRUPUT.QS7.ALL,2014-11-18 19:30:11.438984,2014-11-18 19:41:48.40263,00:11:36.963646,696.963646
PERF.THRUPUT.QS1.ALL,2014-11-18 19:30:11.274964,2014-11-18 19:42:16.052242,00:12:04.777278,724.777278
PERF.THRUPUT.QS12.ALL,2014-11-18 19:30:11.111096,2014-11-18 19:42:36.514999,00:12:25.403903,745.403903
PERF.THRUPUT.QS15.ALL,2014-11-18 19:30:11.103869,2014-11-18 19:42:51.206189,00:12:40.10232,760.10232
PERF.THRUPUT.QS24.ALL,2014-11-18 19:30:11.446239,2014-11-18 19:42:51.575482,00:12:40.129243,760.129243
PERF.THRUPUT.QS3.ALL,2014-11-18 19:30:11.418694,2014-11-18 19:42:55.960788,00:12:44.542094,764.542094
PERF.THRUPUT.QS23.ALL,2014-11-18 19:30:11.352173,2014-11-18 19:43:00.81521,00:12:49.463037,769.463037
PERF.THRUPUT.QS3.Q4,2014-11-18 19:30:55.498317,2014-11-18 19:31:06.570169,00:00:11.071852,11.071852
PERF.THRUPUT.QS24.Q3,2014-11-18 19:30:38.520461,2014-11-18 19:31:07.350176,00:00:28.829715,28.829715
PERF.THRUPUT.QS19.Q22,2014-11-18 19:31:01.733059,2014-11-18 19:31:10.000144,00:00:08.267085,8.267085
PERF.THRUPUT.RFST1.RF2,2014-11-18 19:30:35.652479,2014-11-18 19:31:10.442123,00:00:34.789644,34.789644
PERF.THRUPUT.RFST1,2014-11-18 19:30:10.485662,2014-11-18 19:31:10.461471,00:00:59.975809,59.975809
PERF.THRUPUT.QS17.Q5,2014-11-18 19:30:56.519259,2014-11-18 19:31:12.440237,00:00:15.920978,15.920978
PERF.THRUPUT.QS13.Q7,2014-11-18 19:30:52.530893,2014-11-18 19:31:12.82578,00:00:20.294887,20.294887
PERF.THRUPUT.QS6.Q3,2014-11-18 19:30:45.165302,2014-11-18 19:31:15.899749,00:00:30.734447,30.734447
PERF.THRUPUT.QS17.Q11,2014-11-18 19:31:12.54246,2014-11-18 19:31:16.005509,00:00:03.463049,3.463049
PERF.THRUPUT.QS7.Q18,2014-11-18 19:30:11.462069,2014-11-18 19:31:17.877814,00:01:06.415745,66.415745
PERF.THRUPUT.QS1.Q3,2014-11-18 19:30:51.157441,2014-11-18 19:31:21.473725,00:00:30.316284,30.316284
PERF.THRUPUT.QS16.Q9,2014-11-18 19:35:07.975395,2014-11-18 19:37:41.706247,00:02:33.730852,153.730852
PERF.THRUPUT.QS18.Q13,2014-11-18 19:30:55.0761,2014-11-18 19:31:23.423361,00:00:28.347261,28.347261
PERF.THRUPUT.QS22.Q13,2014-11-18 19:31:01.671736,2014-11-18 19:31:27.93441,00:00:26.262674,26.262674
PERF.THRUPUT.RFST2.RF1,2014-11-18 19:31:10.553011,2014-11-18 19:31:29.816112,00:00:19.263101,19.263101
PERF.THRUPUT.QS7.Q8,2014-11-18 19:31:17.925663,2014-11-18 19:31:30.158517,00:00:12.232854,12.232854
PERF.THRUPUT.QS23.Q18,2014-11-18 19:30:11.379015,2014-11-18 19:31:31.038264,00:01:19.659249,79.659249
PERF.THRUPUT.QS4.Q21,2014-11-18 19:30:34.769962,2014-11-18 19:31:31.769939,00:00:56.999977,56.999977
PERF.THRUPUT.QS22.Q2,2014-11-18 19:31:27.966882,2014-11-18 19:31:37.267893,00:00:09.301011,9.301011
PERF.THRUPUT.QS2.Q14,2014-11-18 19:30:47.250121,2014-11-18 19:31:39.024891,00:00:51.77477,51.77477
PERF.THRUPUT.QS19.Q14,2014-11-18 19:31:10.080256,2014-11-18 19:31:39.030018,00:00:28.949762,28.949762
PERF.THRUPUT.QS3.Q6,2014-11-18 19:31:06.714022,2014-11-18 19:31:39.032313,00:00:32.318291,32.318291
PERF.THRUPUT.QS11.Q15,2014-11-18 19:30:11.188211,2014-11-18 19:31:39.043526,00:01:27.855315,87.855315
PERF.THRUPUT.QS20.Q15,2014-11-18 19:30:23.870986,2014-11-18 19:31:39.086631,00:01:15.215645,75.215645
PERF.THRUPUT.QS24.Q10,2014-11-18 19:31:07.475446,2014-11-18 19:31:39.391114,00:00:31.915668,31.915668
PERF.THRUPUT.QS3.Q17,2014-11-18 19:31:39.150517,2014-11-18 19:31:40.566928,00:00:01.416411,1.416411
PERF.THRUPUT.QS7.Q20,2014-11-18 19:31:30.195399,2014-11-18 19:31:41.180265,00:00:10.984866,10.984866
PERF.THRUPUT.QS13.Q3,2014-11-18 19:31:12.862528,2014-11-18 19:31:41.225606,00:00:28.363078,28.363078
PERF.THRUPUT.QS16.Q1,2014-11-18 19:30:11.410436,2014-11-18 19:31:41.838423,00:01:30.427987,90.427987
PERF.THRUPUT.QS8.Q1,2014-11-18 19:30:13.223135,2014-11-18 19:31:42.853401,00:01:29.630266,89.630266
PERF.THRUPUT.QS12.Q1,2014-11-18 19:30:11.12521,2014-11-18 19:31:43.528653,00:01:32.403443,92.403443
PERF.THRUPUT.QS21.Q21,2014-11-18 19:31:01.690208,2014-11-18 19:31:45.100284,00:00:43.410076,43.410076
PERF.THRUPUT.QS2.Q16,2014-11-18 19:31:39.158946,2014-11-18 19:31:49.783994,00:00:10.625048,10.625048
PERF.THRUPUT.QS2.Q19,2014-11-18 19:31:49.815216,2014-11-18 19:31:50.62272,00:00:00.807504,0.807504
PERF.THRUPUT.QS9.Q8,2014-11-18 19:30:11.091407,2014-11-18 19:31:53.832107,00:01:42.7407,102.7407
PERF.THRUPUT.QS18.Q5,2014-11-18 19:31:23.471218,2014-11-18 19:31:54.164171,00:00:30.692953,30.692953
PERF.THRUPUT.QS19.Q5,2014-11-18 19:31:39.122359,2014-11-18 19:31:54.168701,00:00:15.046342,15.046342
PERF.THRUPUT.QS13.Q11,2014-11-18 19:37:44.923922,2014-11-18 19:37:49.72386,00:00:04.799938,4.799938
PERF.THRUPUT.QS3.Q7,2014-11-18 19:31:40.613642,2014-11-18 19:31:58.745701,00:00:18.132059,18.132059
PERF.THRUPUT.QS17.Q21,2014-11-18 19:31:16.026977,2014-11-18 19:31:58.855355,00:00:42.828378,42.828378
PERF.THRUPUT.QS12.Q7,2014-11-18 19:31:43.570638,2014-11-18 19:31:59.33712,00:00:15.766482,15.766482
PERF.THRUPUT.RFST2.RF2,2014-11-18 19:31:29.827254,2014-11-18 19:32:06.196463,00:00:36.369209,36.369209
PERF.THRUPUT.RFST2,2014-11-18 19:31:10.49282,2014-11-18 19:32:06.212076,00:00:55.719256,55.719256
PERF.THRUPUT.QS23.Q16,2014-11-18 19:37:48.652763,2014-11-18 19:37:58.260639,00:00:09.607876,9.607876
PERF.THRUPUT.QS21.Q12,2014-11-18 19:31:45.149881,2014-11-18 19:32:07.601644,00:00:22.451763,22.451763
PERF.THRUPUT.QS11.Q14,2014-11-18 19:31:39.16238,2014-11-18 19:32:07.73434,00:00:28.57196,28.57196
PERF.THRUPUT.QS4.Q14,2014-11-18 19:31:31.794408,2014-11-18 19:32:07.770244,00:00:35.975836,35.975836
PERF.THRUPUT.QS24.Q14,2014-11-18 19:31:39.51097,2014-11-18 19:32:07.793173,00:00:28.282203,28.282203
PERF.THRUPUT.QS6.Q15,2014-11-18 19:31:16.003875,2014-11-18 19:32:07.794594,00:00:51.790719,51.790719
PERF.THRUPUT.QS20.Q14,2014-11-18 19:31:39.180151,2014-11-18 19:32:07.794594,00:00:28.614443,28.614443
PERF.THRUPUT.QS10.Q15,2014-11-18 19:30:45.060377,2014-11-18 19:32:07.841169,00:01:22.780792,82.780792
PERF.THRUPUT.QS20.Q20,2014-11-18 19:37:46.039181,2014-11-18 19:37:59.923242,00:00:13.884061,13.884061
PERF.THRUPUT.QS4.Q16,2014-11-18 19:37:54.053098,2014-11-18 19:38:04.471136,00:00:10.418038,10.418038
PERF.THRUPUT.QS5.Q15,2014-11-18 19:30:51.151386,2014-11-18 19:32:07.913536,00:01:16.76215,76.76215
PERF.THRUPUT.QS4.Q19,2014-11-18 19:32:07.873709,2014-11-18 19:32:08.851348,00:00:00.977639,0.977639
PERF.THRUPUT.QS13.Q4,2014-11-18 19:37:56.587518,2014-11-18 19:38:08.866483,00:00:12.278965,12.278965
PERF.THRUPUT.QS12.Q16,2014-11-18 19:31:59.366144,2014-11-18 19:32:09.895346,00:00:10.529202,10.529202
PERF.THRUPUT.QS16.Q3,2014-11-18 19:31:41.866156,2014-11-18 19:32:11.467388,00:00:29.601232,29.601232
PERF.THRUPUT.QS12.Q17,2014-11-18 19:32:10.003485,2014-11-18 19:32:11.82814,00:00:01.824655,1.824655
PERF.THRUPUT.QS21.ALL,2014-11-18 19:30:11.593271,2014-11-18 19:43:40.470761,00:13:28.87749,808.87749
PERF.THRUPUT.QS7.Q21,2014-11-18 19:31:41.271756,2014-11-18 19:32:16.73601,00:00:35.464254,35.464254
PERF.THRUPUT.QS22.Q21,2014-11-18 19:31:37.31547,2014-11-18 19:32:16.75146,00:00:39.43599,39.43599
PERF.THRUPUT.QS9.Q13,2014-11-18 19:31:53.847528,2014-11-18 19:32:20.539474,00:00:26.691946,26.691946
PERF.THRUPUT.QS15.Q9,2014-11-18 19:30:23.718955,2014-11-18 19:32:21.414751,00:01:57.695796,117.695796
PERF.THRUPUT.QS14.Q9,2014-11-18 19:30:22.962957,2014-11-18 19:32:22.323016,00:01:59.360059,119.360059
PERF.THRUPUT.QS7.Q13,2014-11-18 19:37:43.21929,2014-11-18 19:38:20.562969,00:00:37.343679,37.343679
PERF.THRUPUT.QS15.Q17,2014-11-18 19:32:21.516195,2014-11-18 19:32:23.100178,00:00:01.583983,1.583983
PERF.THRUPUT.QS11.Q3,2014-11-18 19:37:45.775095,2014-11-18 19:38:21.342644,00:00:35.567549,35.567549
PERF.THRUPUT.QS7.Q2,2014-11-18 19:32:16.891072,2014-11-18 19:32:26.31664,00:00:09.425568,9.425568
PERF.THRUPUT.QS9.Q2,2014-11-18 19:32:20.578577,2014-11-18 19:32:26.320673,00:00:05.742096,5.742096
PERF.THRUPUT.QS9.Q15,2014-11-18 19:37:46.291062,2014-11-18 19:38:24.151036,00:00:37.859974,37.859974
PERF.THRUPUT.QS15.Q22,2014-11-18 19:38:10.879808,2014-11-18 19:38:25.051817,00:00:14.172009,14.172009
PERF.THRUPUT.RFST3.RF1,2014-11-18 19:32:06.249612,2014-11-18 19:32:27.097586,00:00:20.847974,20.847974
PERF.THRUPUT.QS2.Q10,2014-11-18 19:31:50.665773,2014-11-18 19:32:27.311502,00:00:36.645729,36.645729
PERF.THRUPUT.QS5.Q4,2014-11-18 19:32:08.018791,2014-11-18 19:32:28.363682,00:00:20.344891,20.344891
PERF.THRUPUT.QS17.Q9,2014-11-18 19:31:58.881417,2014-11-18 19:34:06.474207,00:02:07.59279,127.59279
PERF.THRUPUT.QS2.Q9,2014-11-18 19:32:27.354256,2014-11-18 19:35:04.276264,00:02:36.922008,156.922008
PERF.THRUPUT.QS16.Q4,2014-11-18 19:34:45.159051,2014-11-18 19:35:07.926201,00:00:22.76715,22.76715
PERF.THRUPUT.QS4.Q4,2014-11-18 19:34:49.167655,2014-11-18 19:35:08.049407,00:00:18.881752,18.881752
PERF.THRUPUT.QS23.Q9,2014-11-18 19:33:07.254902,2014-11-18 19:35:44.17151,00:02:36.916608,156.916608
PERF.THRUPUT.QS2.Q18,2014-11-18 19:38:28.633459,2014-11-18 19:39:47.263621,00:01:18.630162,78.630162
PERF.THRUPUT.QS10.Q7,2014-11-18 19:35:35.433959,2014-11-18 19:35:57.262618,00:00:21.828659,21.828659
PERF.THRUPUT.QS5.Q18,2014-11-18 19:33:52.547069,2014-11-18 19:35:58.643172,00:02:06.096103,126.096103
PERF.THRUPUT.QS14.Q20,2014-11-18 19:35:45.100394,2014-11-18 19:35:58.893586,00:00:13.793192,13.793192
PERF.THRUPUT.QS2.Q8,2014-11-18 19:35:46.865597,2014-11-18 19:36:02.699926,00:00:15.834329,15.834329
PERF.THRUPUT.QS5.Q5,2014-11-18 19:39:42.179796,2014-11-18 19:40:11.755285,00:00:29.575489,29.575489
PERF.THRUPUT.QS15.Q1,2014-11-18 19:38:40.400333,2014-11-18 19:40:23.25097,00:01:42.850637,102.850637
PERF.THRUPUT.QS8.Q7,2014-11-18 19:38:02.754017,2014-11-18 19:38:28.82456,00:00:26.070543,26.070543
PERF.THRUPUT.QS10.Q10,2014-11-18 19:37:48.643615,2014-11-18 19:38:29.262762,00:00:40.619147,40.619147
PERF.THRUPUT.QS9.Q14,2014-11-18 19:43:51.957185,2014-11-18 19:43:58.103986,00:00:06.146801,6.146801
PERF.THRUPUT.RFST9.RF1,2014-11-18 19:38:08.563087,2014-11-18 19:38:33.951439,00:00:25.388352,25.388352
PERF.THRUPUT.QS22.Q12,2014-11-18 19:38:04.806782,2014-11-18 19:38:36.435477,00:00:31.628695,31.628695
PERF.THRUPUT.QS17.Q13,2014-11-18 19:37:58.795051,2014-11-18 19:38:36.859213,00:00:38.064162,38.064162
PERF.THRUPUT.RFST15.RF2,2014-11-18 19:44:20.092795,2014-11-18 19:44:53.668496,00:00:33.575701,33.575701
PERF.THRUPUT.QS15.Q20,2014-11-18 19:38:25.104087,2014-11-18 19:38:40.282841,00:00:15.178754,15.178754
PERF.THRUPUT.QS24.Q9,2014-11-18 19:35:34.079147,2014-11-18 19:38:43.326617,00:03:09.24747,189.24747
PERF.THRUPUT.QS16.Q15,2014-11-18 19:38:19.818219,2014-11-18 19:39:19.266248,00:00:59.448029,59.448029
PERF.THRUPUT.QS17.Q1,2014-11-18 19:38:36.970508,2014-11-18 19:40:23.972437,00:01:47.001929,107.001929
PERF.THRUPUT.RFST17.RF2,2014-11-18 19:45:48.34851,2014-11-18 19:46:22.41391,00:00:34.0654,34.0654
PERF.THRUPUT.RFST19.RF2,2014-11-18 19:47:15.901325,2014-11-18 19:47:49.677259,00:00:33.775934,33.775934
PERF.THRUPUT.RFST21.RF2,2014-11-18 19:48:43.135729,2014-11-18 19:49:16.882313,00:00:33.746584,33.746584
PERF.THRUPUT.RFST23.RF2,2014-11-18 19:50:10.665913,2014-11-18 19:50:44.349484,00:00:33.683571,33.683571
PERF.THRUPUT.QS1.Q18,2014-11-18 19:31:21.522215,2014-11-18 19:32:29.604973,00:01:08.082758,68.082758
PERF.THRUPUT.QS24.Q13,2014-11-18 19:32:07.890327,2014-11-18 19:32:34.929689,00:00:27.039362,27.039362
PERF.THRUPUT.QS20.Q13,2014-11-18 19:32:07.902139,2014-11-18 19:32:35.571174,00:00:27.669035,27.669035
PERF.THRUPUT.QS6.Q13,2014-11-18 19:32:07.888062,2014-11-18 19:32:37.043959,00:00:29.155897,29.155897
PERF.THRUPUT.QS9.Q20,2014-11-18 19:32:26.348631,2014-11-18 19:32:37.42757,00:00:11.078939,11.078939
PERF.THRUPUT.QS9.Q17,2014-11-18 19:32:37.449433,2014-11-18 19:32:38.288485,00:00:00.839052,0.839052
PERF.THRUPUT.QS7.Q4,2014-11-18 19:32:26.345304,2014-11-18 19:32:47.843268,00:00:21.497964,21.497964
PERF.THRUPUT.QS20.Q4,2014-11-18 19:32:35.589093,2014-11-18 19:32:47.953041,00:00:12.363948,12.363948
PERF.THRUPUT.QS14.Q5,2014-11-18 19:32:22.383835,2014-11-18 19:32:48.024587,00:00:25.640752,25.640752
PERF.THRUPUT.QS1.Q5,2014-11-18 19:32:29.661447,2014-11-18 19:32:48.071165,00:00:18.409718,18.409718
PERF.THRUPUT.QS18.Q21,2014-11-18 19:31:54.187054,2014-11-18 19:32:49.319524,00:00:55.13247,55.13247
PERF.THRUPUT.QS1.Q11,2014-11-18 19:32:48.133325,2014-11-18 19:32:51.401419,00:00:03.268094,3.268094
PERF.THRUPUT.QS18.Q11,2014-11-18 19:32:49.391015,2014-11-18 19:32:51.737782,00:00:02.346767,2.346767
PERF.THRUPUT.QS14.Q4,2014-11-18 19:32:48.07999,2014-11-18 19:32:57.526674,00:00:09.446684,9.446684
PERF.THRUPUT.QS20.Q22,2014-11-18 19:32:48.008333,2014-11-18 19:32:58.23329,00:00:10.224957,10.224957
PERF.THRUPUT.QS7.Q22,2014-11-18 19:32:47.923147,2014-11-18 19:32:58.279164,00:00:10.356017,10.356017
PERF.THRUPUT.QS7.Q17,2014-11-18 19:32:58.316096,2014-11-18 19:32:59.308186,00:00:00.99209,0.99209
PERF.THRUPUT.RFST3.RF2,2014-11-18 19:32:27.126673,2014-11-18 19:33:02.229561,00:00:35.102888,35.102888
PERF.THRUPUT.RFST3,2014-11-18 19:32:06.229834,2014-11-18 19:33:02.244012,00:00:56.014178,56.014178
PERF.THRUPUT.QS16.Q6,2014-11-18 19:32:11.520447,2014-11-18 19:33:07.051777,00:00:55.53133,55.53133
PERF.THRUPUT.QS8.Q15,2014-11-18 19:31:42.883802,2014-11-18 19:33:07.13417,00:01:24.250368,84.250368
PERF.THRUPUT.QS19.Q15,2014-11-18 19:31:54.228922,2014-11-18 19:33:07.147629,00:01:12.918707,72.918707
PERF.THRUPUT.QS23.Q15,2014-11-18 19:31:31.07881,2014-11-18 19:33:07.158907,00:01:36.080097,96.080097
PERF.THRUPUT.QS22.Q10,2014-11-18 19:32:16.913164,2014-11-18 19:33:07.183554,00:00:50.27039,50.27039
PERF.THRUPUT.QS5.Q6,2014-11-18 19:32:28.391699,2014-11-18 19:33:07.195828,00:00:38.804129,38.804129
PERF.THRUPUT.QS6.Q6,2014-11-18 19:32:37.097005,2014-11-18 19:33:07.219141,00:00:30.122136,30.122136
PERF.THRUPUT.QS8.Q16,2014-11-18 19:39:44.526291,2014-11-18 19:39:57.442286,00:00:12.915995,12.915995
PERF.THRUPUT.QS24.Q21,2014-11-18 19:32:34.943849,2014-11-18 19:33:08.683077,00:00:33.739228,33.739228
PERF.THRUPUT.QS8.Q17,2014-11-18 19:33:07.254426,2014-11-18 19:33:08.82882,00:00:01.574394,1.574394
PERF.THRUPUT.QS13.Q1,2014-11-18 19:31:41.300842,2014-11-18 19:33:09.031333,00:01:27.730491,87.730491
PERF.THRUPUT.QS9.Q3,2014-11-18 19:32:38.307393,2014-11-18 19:33:10.69319,00:00:32.385797,32.385797
PERF.THRUPUT.QS22.Q11,2014-11-18 19:33:07.290056,2014-11-18 19:33:11.284814,00:00:03.994758,3.994758
PERF.THRUPUT.QS1.Q7,2014-11-18 19:32:51.451671,2014-11-18 19:33:13.05025,00:00:21.598579,21.598579
PERF.THRUPUT.QS19.Q16,2014-11-18 19:33:07.278629,2014-11-18 19:33:17.343019,00:00:10.06439,10.06439
PERF.THRUPUT.QS11.Q18,2014-11-18 19:32:07.842462,2014-11-18 19:33:17.685799,00:01:09.843337,69.843337
PERF.THRUPUT.QS11.Q17,2014-11-18 19:33:17.734893,2014-11-18 19:33:19.07717,00:00:01.342277,1.342277
PERF.THRUPUT.QS12.Q18,2014-11-18 19:32:11.890193,2014-11-18 19:33:20.477243,00:01:08.58705,68.58705
PERF.THRUPUT.QS6.Q8,2014-11-18 19:33:07.314089,2014-11-18 19:33:22.771485,00:00:15.457396,15.457396
PERF.THRUPUT.RFST4.RF1,2014-11-18 19:33:02.309441,2014-11-18 19:33:23.297038,00:00:20.987597,20.987597
PERF.THRUPUT.QS22.Q4,2014-11-18 19:33:11.328952,2014-11-18 19:33:27.257343,00:00:15.928391,15.928391
PERF.THRUPUT.QS8.Q5,2014-11-18 19:33:08.861994,2014-11-18 19:33:27.429817,00:00:18.567823,18.567823
PERF.THRUPUT.QS16.Q5,2014-11-18 19:33:07.147033,2014-11-18 19:33:27.435418,00:00:20.288385,20.288385
PERF.THRUPUT.QS3.Q1,2014-11-18 19:31:58.772774,2014-11-18 19:33:28.256646,00:01:29.483872,89.483872
PERF.THRUPUT.QS23.Q5,2014-11-18 19:40:05.072924,2014-11-18 19:40:24.174072,00:00:19.101148,19.101148
PERF.THRUPUT.QS10.Q18,2014-11-18 19:32:07.962238,2014-11-18 19:33:28.61004,00:01:20.647802,80.647802
PERF.THRUPUT.QS12.Q22,2014-11-18 19:33:20.506156,2014-11-18 19:33:30.352966,00:00:09.84681,9.84681
PERF.THRUPUT.QS10.Q17,2014-11-18 19:33:28.765672,2014-11-18 19:33:30.38585,00:00:01.620178,1.620178
PERF.THRUPUT.QS19.Q2,2014-11-18 19:33:17.415458,2014-11-18 19:33:31.727398,00:00:14.31194,14.31194
PERF.THRUPUT.QS15.Q8,2014-11-18 19:32:23.121423,2014-11-18 19:33:32.59917,00:01:09.477747,69.477747
PERF.THRUPUT.QS16.Q2,2014-11-18 19:33:27.511682,2014-11-18 19:33:34.318828,00:00:06.807146,6.807146
PERF.THRUPUT.QS5.Q7,2014-11-18 19:33:07.326205,2014-11-18 19:33:40.271246,00:00:32.945041,32.945041
PERF.THRUPUT.QS19.Q8,2014-11-18 19:33:31.813612,2014-11-18 19:33:45.743158,00:00:13.929546,13.929546
PERF.THRUPUT.QS1.Q6,2014-11-18 19:33:13.18211,2014-11-18 19:33:46.721063,00:00:33.538953,33.538953
PERF.THRUPUT.QS9.Q6,2014-11-18 19:33:10.784751,2014-11-18 19:33:46.722701,00:00:35.93795,35.93795
PERF.THRUPUT.QS21.Q15,2014-11-18 19:32:07.662402,2014-11-18 19:33:46.77187,00:01:39.109468,99.109468
PERF.THRUPUT.QS18.Q9,2014-11-18 19:37:46.101389,2014-11-18 19:40:48.082131,00:03:01.980742,181.980742
PERF.THRUPUT.QS13.Q10,2014-11-18 19:33:09.155324,2014-11-18 19:33:46.890948,00:00:37.735624,37.735624
PERF.THRUPUT.QS11.Q10,2014-11-18 19:33:19.122223,2014-11-18 19:33:46.91404,00:00:27.791817,27.791817
PERF.THRUPUT.QS21.Q17,2014-11-18 19:33:46.939633,2014-11-18 19:33:48.403259,00:00:01.463626,1.463626
PERF.THRUPUT.QS18.Q8,2014-11-18 19:32:51.757688,2014-11-18 19:33:49.043924,00:00:57.286236,57.286236
PERF.THRUPUT.QS16.Q16,2014-11-18 19:33:34.423788,2014-11-18 19:33:50.863474,00:00:16.439686,16.439686
PERF.THRUPUT.QS11.Q9,2014-11-18 19:38:21.492887,2014-11-18 19:41:41.762202,00:03:20.269315,200.269315
PERF.THRUPUT.QS15.Q14,2014-11-18 19:33:32.699461,2014-11-18 19:33:55.470357,00:00:22.770896,22.770896
PERF.THRUPUT.QS10.Q12,2014-11-18 19:33:30.463699,2014-11-18 19:33:55.626624,00:00:25.162925,25.162925
PERF.THRUPUT.QS12.Q12,2014-11-18 19:33:30.425957,2014-11-18 19:33:55.629754,00:00:25.203797,25.203797
PERF.THRUPUT.QS1.Q1,2014-11-18 19:40:24.106912,2014-11-18 19:42:05.995186,00:01:41.888274,101.888274
PERF.THRUPUT.QS21.Q4,2014-11-18 19:33:48.488352,2014-11-18 19:33:58.770069,00:00:10.281717,10.281717
PERF.THRUPUT.QS21.Q19,2014-11-18 19:33:58.88908,2014-11-18 19:34:00.580891,00:00:01.691811,1.691811
PERF.THRUPUT.QS10.Q9,2014-11-18 19:38:44.986884,2014-11-18 19:42:09.246282,00:03:24.259398,204.259398
PERF.THRUPUT.QS15.Q11,2014-11-18 19:33:55.603355,2014-11-18 19:34:01.342562,00:00:05.739207,5.739207
PERF.THRUPUT.QS11.Q20,2014-11-18 19:33:47.01578,2014-11-18 19:34:03.46347,00:00:16.44769,16.44769
PERF.THRUPUT.QS10.ALL,2014-11-18 19:30:11.24374,2014-11-18 19:43:41.43231,00:13:30.18857,810.18857
PERF.THRUPUT.QS6.Q9,2014-11-18 19:33:22.833333,2014-11-18 19:36:47.527598,00:03:24.694265,204.694265
PERF.THRUPUT.QS12.Q4,2014-11-18 19:37:49.697164,2014-11-18 19:38:08.862607,00:00:19.165443,19.165443
PERF.THRUPUT.QS15.Q5,2014-11-18 19:37:45.059006,2014-11-18 19:38:10.77176,00:00:25.712754,25.712754
PERF.THRUPUT.QS4.Q11,2014-11-18 19:38:04.591622,2014-11-18 19:38:12.739851,00:00:08.148229,8.148229
PERF.THRUPUT.QS16.Q10,2014-11-18 19:37:41.836764,2014-11-18 19:38:17.563421,00:00:35.726657,35.726657
PERF.THRUPUT.QS4.Q2,2014-11-18 19:38:12.907326,2014-11-18 19:38:20.16704,00:00:07.259714,7.259714
PERF.THRUPUT.QS2.Q13,2014-11-18 19:37:51.607339,2014-11-18 19:38:28.54268,00:00:36.935341,36.935341
PERF.THRUPUT.QS22.Q17,2014-11-18 19:43:54.197033,2014-11-18 19:43:54.884489,00:00:00.687456,0.687456
PERF.THRUPUT.QS14.Q13,2014-11-18 19:37:57.559038,2014-11-18 19:38:32.029832,00:00:34.470794,34.470794
PERF.THRUPUT.QS21.Q18,2014-11-18 19:37:16.892464,2014-11-18 19:38:33.486793,00:01:16.594329,76.594329
PERF.THRUPUT.QS20.Q3,2014-11-18 19:38:00.046501,2014-11-18 19:38:34.495639,00:00:34.449138,34.449138
PERF.THRUPUT.QS22.Q19,2014-11-18 19:38:36.557264,2014-11-18 19:38:37.642831,00:00:01.085567,1.085567
PERF.THRUPUT.QS12.Q5,2014-11-18 19:38:19.638114,2014-11-18 19:38:38.589468,00:00:18.951354,18.951354
PERF.THRUPUT.QS13.Q5,2014-11-18 19:38:08.960446,2014-11-18 19:38:38.608494,00:00:29.648048,29.648048
PERF.THRUPUT.QS9.Q4,2014-11-18 19:38:24.181777,2014-11-18 19:38:38.611035,00:00:14.429258,14.429258
PERF.THRUPUT.RFST16,2014-11-18 19:44:53.684405,2014-11-18 19:45:38.278659,00:00:44.594254,44.594254
PERF.THRUPUT.QS7.Q5,2014-11-18 19:38:20.755156,2014-11-18 19:38:42.400976,00:00:21.64582,21.64582
PERF.THRUPUT.QS14.Q14,2014-11-18 19:38:32.083268,2014-11-18 19:38:44.456498,00:00:12.37323,12.37323
PERF.THRUPUT.QS10.Q14,2014-11-18 19:38:29.369709,2014-11-18 19:38:44.865264,00:00:15.495555,15.495555
PERF.THRUPUT.QS14.Q19,2014-11-18 19:38:44.53839,2014-11-18 19:38:45.850109,00:00:01.311719,1.311719
PERF.THRUPUT.QS13.Q14,2014-11-18 19:38:38.711614,2014-11-18 19:38:49.578479,00:00:10.866865,10.866865
PERF.THRUPUT.QS14.Q8,2014-11-18 19:38:45.942823,2014-11-18 19:39:03.862516,00:00:17.919693,17.919693
PERF.THRUPUT.QS7.Q7,2014-11-18 19:38:42.535423,2014-11-18 19:39:09.287061,00:00:26.751638,26.751638
PERF.THRUPUT.RFST9.RF2,2014-11-18 19:38:34.004642,2014-11-18 19:39:13.542729,00:00:39.538087,39.538087
PERF.THRUPUT.QS24.Q8,2014-11-18 19:38:43.434771,2014-11-18 19:39:17.228561,00:00:33.79379,33.79379
PERF.THRUPUT.RFST18,2014-11-18 19:46:22.433972,2014-11-18 19:47:06.188518,00:00:43.754546,43.754546
PERF.THRUPUT.RFST20,2014-11-18 19:47:49.69413,2014-11-18 19:48:33.442309,00:00:43.748179,43.748179
PERF.THRUPUT.RFST22,2014-11-18 19:49:16.903879,2014-11-18 19:50:01.128152,00:00:44.224273,44.224273
PERF.THRUPUT.RFST24,2014-11-18 19:50:44.366366,2014-11-18 19:51:31.198693,00:00:46.832327,46.832327
PERF.THRUPUT.RFST4.RF2,2014-11-18 19:33:23.350902,2014-11-18 19:34:03.978756,00:00:40.627854,40.627854
PERF.THRUPUT.RFST4,2014-11-18 19:33:02.293972,2014-11-18 19:34:04.013185,00:01:01.719213,61.719213
PERF.THRUPUT.QS1.Q17,2014-11-18 19:34:03.401713,2014-11-18 19:34:04.725021,00:00:01.323308,1.323308
PERF.THRUPUT.QS14.Q18,2014-11-18 19:32:57.602693,2014-11-18 19:34:09.485395,00:01:11.882702,71.882702
PERF.THRUPUT.QS20.Q18,2014-11-18 19:32:58.335955,2014-11-18 19:34:12.592285,00:01:14.25633,74.25633
PERF.THRUPUT.QS16.Q14,2014-11-18 19:33:50.940688,2014-11-18 19:34:12.810466,00:00:21.869778,21.869778
PERF.THRUPUT.QS8.Q8,2014-11-18 19:33:27.514659,2014-11-18 19:34:12.834544,00:00:45.319885,45.319885
PERF.THRUPUT.QS19.Q10,2014-11-18 19:33:45.796679,2014-11-18 19:34:13.363038,00:00:27.566359,27.566359
PERF.THRUPUT.QS20.Q19,2014-11-18 19:34:12.698419,2014-11-18 19:34:14.203299,00:00:01.50488,1.50488
PERF.THRUPUT.QS11.Q16,2014-11-18 19:34:03.595682,2014-11-18 19:34:14.205688,00:00:10.610006,10.610006
PERF.THRUPUT.QS17.Q2,2014-11-18 19:34:06.607685,2014-11-18 19:34:14.743487,00:00:08.135802,8.135802
PERF.THRUPUT.QS19.Q17,2014-11-18 19:34:13.484284,2014-11-18 19:34:15.379184,00:00:01.8949,1.8949
PERF.THRUPUT.QS11.Q11,2014-11-18 19:34:14.32349,2014-11-18 19:34:17.677525,00:00:03.354035,3.354035
PERF.THRUPUT.QS24.Q18,2014-11-18 19:33:08.74616,2014-11-18 19:34:22.939124,00:01:14.192964,74.192964
PERF.THRUPUT.RFST5.RF1,2014-11-18 19:34:04.12608,2014-11-18 19:34:24.237993,00:00:20.111913,20.111913
PERF.THRUPUT.QS16.Q22,2014-11-18 19:34:12.918687,2014-11-18 19:34:25.553502,00:00:12.634815,12.634815
PERF.THRUPUT.QS13.Q22,2014-11-18 19:34:13.191774,2014-11-18 19:34:25.638631,00:00:12.446857,12.446857
PERF.THRUPUT.QS16.Q17,2014-11-18 19:34:25.604291,2014-11-18 19:34:27.603129,00:00:01.998838,1.998838
PERF.THRUPUT.QS21.Q13,2014-11-18 19:34:00.666926,2014-11-18 19:34:32.200715,00:00:31.533789,31.533789
PERF.THRUPUT.QS1.Q12,2014-11-18 19:34:04.830075,2014-11-18 19:34:33.673863,00:00:28.843788,28.843788
PERF.THRUPUT.QS7.Q1,2014-11-18 19:32:59.347929,2014-11-18 19:34:37.485755,00:01:38.137826,98.137826
PERF.THRUPUT.QS9.Q21,2014-11-18 19:33:46.856231,2014-11-18 19:34:39.188497,00:00:52.332266,52.332266
PERF.THRUPUT.QS20.Q7,2014-11-18 19:34:14.322067,2014-11-18 19:34:39.298569,00:00:24.976502,24.976502
PERF.THRUPUT.QS7.Q11,2014-11-18 19:34:37.530719,2014-11-18 19:34:42.274809,00:00:04.74409,4.74409
PERF.THRUPUT.QS16.Q20,2014-11-18 19:34:27.679816,2014-11-18 19:34:45.10631,00:00:17.426494,17.426494
PERF.THRUPUT.QS1.Q16,2014-11-18 19:34:33.745278,2014-11-18 19:34:45.883988,00:00:12.13871,12.13871
PERF.THRUPUT.QS4.Q6,2014-11-18 19:34:13.158713,2014-11-18 19:34:49.081844,00:00:35.923131,35.923131
PERF.THRUPUT.QS12.Q8,2014-11-18 19:34:33.904349,2014-11-18 19:34:50.262745,00:00:16.358396,16.358396
PERF.THRUPUT.QS3.Q18,2014-11-18 19:33:28.313476,2014-11-18 19:34:57.152102,00:01:28.838626,88.838626
PERF.THRUPUT.QS15.Q12,2014-11-18 19:34:34.056212,2014-11-18 19:34:57.285338,00:00:23.229126,23.229126
PERF.THRUPUT.QS24.Q6,2014-11-18 19:34:23.010919,2014-11-18 19:34:57.379146,00:00:34.368227,34.368227
PERF.THRUPUT.QS21.Q10,2014-11-18 19:34:32.263753,2014-11-18 19:34:57.959024,00:00:25.695271,25.695271
PERF.THRUPUT.QS18.Q3,2014-11-18 19:34:12.963219,2014-11-18 19:34:58.104375,00:00:45.141156,45.141156
PERF.THRUPUT.QS21.Q11,2014-11-18 19:34:58.020567,2014-11-18 19:35:02.644698,00:00:04.624131,4.624131
PERF.THRUPUT.QS22.Q1,2014-11-18 19:33:27.283668,2014-11-18 19:35:03.078977,00:01:35.795309,95.795309
PERF.THRUPUT.RFST5.RF2,2014-11-18 19:34:24.261216,2014-11-18 19:35:06.470789,00:00:42.209573,42.209573
PERF.THRUPUT.RFST5,2014-11-18 19:34:04.086017,2014-11-18 19:35:06.545895,00:01:02.459878,62.459878
PERF.THRUPUT.QS18.Q2,2014-11-18 19:34:59.701639,2014-11-18 19:35:07.926192,00:00:08.224553,8.224553
PERF.THRUPUT.QS14.Q6,2014-11-18 19:41:22.750441,2014-11-18 19:41:48.580188,00:00:25.829747,25.829747
PERF.THRUPUT.QS14.ALL,2014-11-18 19:30:11.596355,2014-11-18 19:41:48.639936,00:11:37.043581,697.043581
PERF.THRUPUT.QS17.Q15,2014-11-18 19:34:14.851466,2014-11-18 19:35:09.54264,00:00:54.691174,54.691174
PERF.THRUPUT.QS2.Q2,2014-11-18 19:35:04.316383,2014-11-18 19:35:11.056832,00:00:06.740449,6.740449
PERF.THRUPUT.QS6.ALL,2014-11-18 19:30:11.006625,2014-11-18 19:43:46.251677,00:13:35.245052,815.245052
PERF.THRUPUT.RFST6.RF1,2014-11-18 19:35:06.621586,2014-11-18 19:35:25.258508,00:00:18.636922,18.636922
PERF.THRUPUT.QS15.Q6,2014-11-18 19:34:57.415748,2014-11-18 19:35:28.50515,00:00:31.089402,31.089402
PERF.THRUPUT.QS1.Q15,2014-11-18 19:34:45.943392,2014-11-18 19:35:32.427502,00:00:46.48411,46.48411
PERF.THRUPUT.QS10.Q1,2014-11-18 19:33:55.746954,2014-11-18 19:35:35.364368,00:01:39.617414,99.617414
PERF.THRUPUT.QS14.Q1,2014-11-18 19:34:09.610283,2014-11-18 19:35:44.980879,00:01:35.370596,95.370596
PERF.THRUPUT.QS2.Q15,2014-11-18 19:35:11.147065,2014-11-18 19:35:46.750152,00:00:35.603087,35.603087
PERF.THRUPUT.QS11.Q1,2014-11-18 19:34:18.199021,2014-11-18 19:35:54.230105,00:01:36.031084,96.031084
PERF.THRUPUT.QS23.Q14,2014-11-18 19:35:44.299194,2014-11-18 19:35:55.605202,00:00:11.306008,11.306008
PERF.THRUPUT.QS1.Q13,2014-11-18 19:35:32.536507,2014-11-18 19:36:06.331999,00:00:33.795492,33.795492
PERF.THRUPUT.QS11.Q8,2014-11-18 19:35:54.29776,2014-11-18 19:36:08.343732,00:00:14.045972,14.045972
PERF.THRUPUT.RFST6.RF2,2014-11-18 19:35:25.32751,2014-11-18 19:36:09.131257,00:00:43.803747,43.803747
PERF.THRUPUT.RFST6,2014-11-18 19:35:06.594934,2014-11-18 19:36:09.177113,00:01:02.582179,62.582179
PERF.THRUPUT.QS7.Q16,2014-11-18 19:39:52.41524,2014-11-18 19:40:05.255709,00:00:12.840469,12.840469
PERF.THRUPUT.QS10.Q2,2014-11-18 19:35:57.38323,2014-11-18 19:36:11.421881,00:00:14.038651,14.038651
PERF.THRUPUT.QS5.Q14,2014-11-18 19:35:58.756207,2014-11-18 19:36:14.591268,00:00:15.835061,15.835061
PERF.THRUPUT.QS20.Q1,2014-11-18 19:34:39.416311,2014-11-18 19:36:14.779921,00:01:35.36361,95.36361
PERF.THRUPUT.QS23.Q12,2014-11-18 19:35:55.68608,2014-11-18 19:36:17.965252,00:00:22.279172,22.279172
PERF.THRUPUT.QS15.Q21,2014-11-18 19:35:28.532646,2014-11-18 19:36:19.570931,00:00:51.038285,51.038285
PERF.THRUPUT.QS11.Q4,2014-11-18 19:36:08.443896,2014-11-18 19:36:23.919919,00:00:15.476023,15.476023
PERF.THRUPUT.QS5.Q22,2014-11-18 19:36:14.646328,2014-11-18 19:36:24.215079,00:00:09.568751,9.568751
PERF.THRUPUT.QS10.Q22,2014-11-18 19:36:11.476328,2014-11-18 19:36:24.231402,00:00:12.755074,12.755074
PERF.THRUPUT.QS2.Q5,2014-11-18 19:36:02.806123,2014-11-18 19:36:24.574435,00:00:21.768312,21.768312
PERF.THRUPUT.RFST7.RF1,2014-11-18 19:36:09.304912,2014-11-18 19:36:27.639764,00:00:18.334852,18.334852
PERF.THRUPUT.QS5.Q11,2014-11-18 19:36:24.257791,2014-11-18 19:36:29.4579,00:00:05.200109,5.200109
PERF.THRUPUT.QS23.Q2,2014-11-18 19:36:18.096473,2014-11-18 19:36:33.478729,00:00:15.382256,15.382256
PERF.THRUPUT.QS5.Q8,2014-11-18 19:40:11.87405,2014-11-18 19:40:29.334699,00:00:17.460649,17.460649
PERF.THRUPUT.QS11.Q22,2014-11-18 19:36:23.976799,2014-11-18 19:36:35.35177,00:00:11.374971,11.374971
PERF.THRUPUT.QS12.Q13,2014-11-18 19:39:56.071243,2014-11-18 19:40:29.815277,00:00:33.744034,33.744034
PERF.THRUPUT.QS14.Q15,2014-11-18 19:35:59.035418,2014-11-18 19:36:35.659256,00:00:36.623838,36.623838
PERF.THRUPUT.QS19.Q9,2014-11-18 19:34:15.523023,2014-11-18 19:39:00.186467,00:04:44.663444,284.663444
PERF.THRUPUT.QS17.Q4,2014-11-18 19:40:24.110602,2014-11-18 19:40:33.834403,00:00:09.723801,9.723801
PERF.THRUPUT.QS7.Q6,2014-11-18 19:40:05.374234,2014-11-18 19:40:34.39966,00:00:29.025426,29.025426
PERF.THRUPUT.QS17.Q22,2014-11-18 19:40:33.967482,2014-11-18 19:40:49.324506,00:00:15.357024,15.357024
PERF.THRUPUT.QS23.Q19,2014-11-18 19:41:00.222252,2014-11-18 19:41:01.522137,00:00:01.299885,1.299885
PERF.THRUPUT.QS3.Q21,2014-11-18 19:40:13.603808,2014-11-18 19:41:11.275109,00:00:57.671301,57.671301
PERF.THRUPUT.QS15.Q2,2014-11-18 19:41:02.886999,2014-11-18 19:41:15.946339,00:00:13.05934,13.05934
PERF.THRUPUT.QS12.Q10,2014-11-18 19:40:29.875473,2014-11-18 19:41:16.451475,00:00:46.576002,46.576002
PERF.THRUPUT.QS18.Q12,2014-11-18 19:40:48.199068,2014-11-18 19:41:16.473152,00:00:28.274084,28.274084
PERF.THRUPUT.QS7.Q15,2014-11-18 19:40:53.395844,2014-11-18 19:41:22.553892,00:00:29.158048,29.158048
PERF.THRUPUT.QS16.Q18,2014-11-18 19:40:04.222191,2014-11-18 19:41:23.891835,00:01:19.669644,79.669644
PERF.THRUPUT.QS2.Q1,2014-11-18 19:39:47.373244,2014-11-18 19:41:31.327052,00:01:43.953808,103.953808
PERF.THRUPUT.QS23.Q20,2014-11-18 19:41:16.16928,2014-11-18 19:41:31.936391,00:00:15.767111,15.767111
PERF.THRUPUT.QS13.Q18,2014-11-18 19:40:02.35964,2014-11-18 19:41:32.346653,00:01:29.987013,89.987013
PERF.THRUPUT.RFST11.RF2,2014-11-18 19:40:45.762102,2014-11-18 19:41:34.955171,00:00:49.193069,49.193069
PERF.THRUPUT.RFST11,2014-11-18 19:40:22.434115,2014-11-18 19:41:35.011242,00:01:12.577127,72.577127
PERF.THRUPUT.QS22.Q15,2014-11-18 19:41:00.535413,2014-11-18 19:41:35.670488,00:00:35.135075,35.135075
PERF.THRUPUT.QS20.Q9,2014-11-18 19:38:34.567518,2014-11-18 19:41:36.018632,00:03:01.451114,181.451114
PERF.THRUPUT.QS6.Q5,2014-11-18 19:41:27.834993,2014-11-18 19:41:49.362607,00:00:21.527614,21.527614
PERF.THRUPUT.RFST12.RF1,2014-11-18 19:41:35.100966,2014-11-18 19:41:52.925297,00:00:17.824331,17.824331
PERF.THRUPUT.QS12.Q3,2014-11-18 19:41:17.749076,2014-11-18 19:41:56.059011,00:00:38.309935,38.309935
PERF.THRUPUT.RFST12.RF2,2014-11-18 19:41:52.996829,2014-11-18 19:42:34.190852,00:00:41.194023,41.194023
PERF.THRUPUT.QS5.Q9,2014-11-18 19:41:49.220028,2014-11-18 19:43:54.078148,00:02:04.85812,124.85812
PERF.THRUPUT.QS9.Q5,2014-11-18 19:43:58.115531,2014-11-18 19:44:10.894273,00:00:12.778742,12.778742
PERF.THRUPUT.RFST16.RF1,2014-11-18 19:44:53.690086,2014-11-18 19:45:04.052758,00:00:10.362672,10.362672
PERF.THRUPUT.RFST18.RF1,2014-11-18 19:46:22.442813,2014-11-18 19:46:32.486623,00:00:10.04381,10.04381
PERF.THRUPUT.RFST20.RF1,2014-11-18 19:47:49.702012,2014-11-18 19:47:59.255074,00:00:09.553062,9.553062
PERF.THRUPUT.RFST22.RF1,2014-11-18 19:49:16.911993,2014-11-18 19:49:27.025736,00:00:10.113743,10.113743
PERF.THRUPUT.RFST24.RF1,2014-11-18 19:50:44.372186,2014-11-18 19:50:57.474038,00:00:13.101852,13.101852
PERF.THRUPUT.QS20.Q12,2014-11-18 19:36:14.949827,2014-11-18 19:36:38.18742,00:00:23.237593,23.237593
PERF.THRUPUT.QS20.Q17,2014-11-18 19:36:38.296818,2014-11-18 19:36:39.416438,00:00:01.11962,1.11962
PERF.THRUPUT.QS1.Q10,2014-11-18 19:36:06.478272,2014-11-18 19:36:40.113419,00:00:33.635147,33.635147
PERF.THRUPUT.QS15.Q7,2014-11-18 19:36:19.693184,2014-11-18 19:36:43.53661,00:00:23.843426,23.843426
PERF.THRUPUT.QS2.Q22,2014-11-18 19:36:24.688646,2014-11-18 19:36:43.822097,00:00:19.133451,19.133451
PERF.THRUPUT.QS21.Q1,2014-11-18 19:35:02.705765,2014-11-18 19:36:46.255334,00:01:43.549569,103.549569
PERF.THRUPUT.QS8.Q9,2014-11-18 19:34:12.967294,2014-11-18 19:36:46.867188,00:02:33.899894,153.899894
PERF.THRUPUT.QS14.Q16,2014-11-18 19:36:35.746787,2014-11-18 19:36:47.551791,00:00:11.805004,11.805004
PERF.THRUPUT.QS1.Q2,2014-11-18 19:36:40.194346,2014-11-18 19:36:49.376212,00:00:09.181866,9.181866
PERF.THRUPUT.QS23.Q8,2014-11-18 19:36:33.629395,2014-11-18 19:36:49.579238,00:00:15.949843,15.949843
PERF.THRUPUT.QS14.Q17,2014-11-18 19:36:47.658978,2014-11-18 19:36:49.743305,00:00:02.084327,2.084327
PERF.THRUPUT.QS11.Q5,2014-11-18 19:36:35.38885,2014-11-18 19:36:54.500235,00:00:19.111385,19.111385
PERF.THRUPUT.QS23.Q11,2014-11-18 19:36:49.666329,2014-11-18 19:36:55.498315,00:00:05.831986,5.831986
PERF.THRUPUT.QS21.Q16,2014-11-18 19:36:46.375366,2014-11-18 19:36:57.571252,00:00:11.195886,11.195886
PERF.THRUPUT.QS17.Q18,2014-11-18 19:35:37.72321,2014-11-18 19:36:59.518196,00:01:21.794986,81.794986
PERF.THRUPUT.QS17.Q17,2014-11-18 19:36:59.55198,2014-11-18 19:37:00.516222,00:00:00.964242,0.964242
PERF.THRUPUT.QS13.Q9,2014-11-18 19:34:25.703196,2014-11-18 19:37:01.519139,00:02:35.815943,155.815943
PERF.THRUPUT.QS1.Q8,2014-11-18 19:36:49.438507,2014-11-18 19:37:03.034581,00:00:13.596074,13.596074
PERF.THRUPUT.QS5.Q13,2014-11-18 19:36:29.633642,2014-11-18 19:37:04.342284,00:00:34.708642,34.708642
PERF.THRUPUT.QS10.Q13,2014-11-18 19:36:24.2473,2014-11-18 19:37:04.689272,00:00:40.441972,40.441972
PERF.THRUPUT.QS23.Q22,2014-11-18 19:36:55.616391,2014-11-18 19:37:05.730139,00:00:10.113748,10.113748
PERF.THRUPUT.RFST7.RF2,2014-11-18 19:36:27.656327,2014-11-18 19:37:07.278085,00:00:39.621758,39.621758
PERF.THRUPUT.RFST7,2014-11-18 19:36:09.248161,2014-11-18 19:37:07.297569,00:00:58.049408,58.049408
PERF.THRUPUT.QS7.Q19,2014-11-18 19:37:07.370832,2014-11-18 19:37:08.290172,00:00:00.91934,0.91934
PERF.THRUPUT.QS6.Q7,2014-11-18 19:36:47.62382,2014-11-18 19:37:08.796276,00:00:21.172456,21.172456
PERF.THRUPUT.QS14.Q7,2014-11-18 19:36:49.839428,2014-11-18 19:37:09.065298,00:00:19.22587,19.22587
PERF.THRUPUT.QS20.Q5,2014-11-18 19:36:39.52017,2014-11-18 19:37:10.434479,00:00:30.914309,30.914309
PERF.THRUPUT.QS9.Q18,2014-11-18 19:34:39.320269,2014-11-18 19:37:14.594133,00:02:35.273864,155.273864
PERF.THRUPUT.QS1.Q14,2014-11-18 19:37:03.175222,2014-11-18 19:37:15.716988,00:00:12.541766,12.541766
PERF.THRUPUT.QS15.Q3,2014-11-18 19:36:43.573885,2014-11-18 19:37:16.494417,00:00:32.920532,32.920532
PERF.THRUPUT.QS1.Q19,2014-11-18 19:37:15.729591,2014-11-18 19:37:16.761452,00:00:01.031861,1.031861
PERF.THRUPUT.QS21.Q5,2014-11-18 19:36:57.682199,2014-11-18 19:37:16.853464,00:00:19.171265,19.171265
PERF.THRUPUT.QS4.ALL,2014-11-18 19:30:11.235351,2014-11-18 19:43:47.326978,00:13:36.091627,816.091627
PERF.THRUPUT.QS6.Q4,2014-11-18 19:37:08.922627,2014-11-18 19:37:19.631386,00:00:10.708759,10.708759
PERF.THRUPUT.QS13.Q16,2014-11-18 19:37:01.639189,2014-11-18 19:37:20.033284,00:00:18.394095,18.394095
PERF.THRUPUT.QS18.Q19,2014-11-18 19:37:20.610776,2014-11-18 19:37:21.882864,00:00:01.272088,1.272088
PERF.THRUPUT.QS9.Q11,2014-11-18 19:37:14.634891,2014-11-18 19:37:22.210134,00:00:07.575243,7.575243
PERF.THRUPUT.QS6.Q11,2014-11-18 19:37:19.711004,2014-11-18 19:37:22.867484,00:00:03.15648,3.15648
PERF.THRUPUT.QS9.Q19,2014-11-18 19:37:22.327758,2014-11-18 19:37:23.866368,00:00:01.53861,1.53861
PERF.THRUPUT.RFST8.RF1,2014-11-18 19:37:07.386466,2014-11-18 19:37:23.905418,00:00:16.518952,16.518952
PERF.THRUPUT.QS12.Q9,2014-11-18 19:34:50.398774,2014-11-18 19:37:24.89922,00:02:34.500446,154.500446
PERF.THRUPUT.QS17.Q7,2014-11-18 19:37:00.541814,2014-11-18 19:37:25.481487,00:00:24.939673,24.939673
PERF.THRUPUT.QS2.Q12,2014-11-18 19:36:43.879814,2014-11-18 19:37:30.125014,00:00:46.2452,46.2452
PERF.THRUPUT.QS6.Q22,2014-11-18 19:37:22.958737,2014-11-18 19:37:33.617164,00:00:10.658427,10.658427
PERF.THRUPUT.QS4.Q9,2014-11-18 19:35:08.189018,2014-11-18 19:37:36.151372,00:02:27.962354,147.962354
PERF.THRUPUT.QS5.Q3,2014-11-18 19:37:04.462266,2014-11-18 19:37:37.045405,00:00:32.583139,32.583139
PERF.THRUPUT.QS17.Q8,2014-11-18 19:37:25.541767,2014-11-18 19:37:41.403875,00:00:15.862108,15.862108
PERF.THRUPUT.QS7.Q3,2014-11-18 19:37:08.308857,2014-11-18 19:37:43.088141,00:00:34.779284,34.779284
PERF.THRUPUT.QS13.Q6,2014-11-18 19:37:20.098602,2014-11-18 19:37:44.833714,00:00:24.735112,24.735112
PERF.THRUPUT.QS15.Q15,2014-11-18 19:37:16.554526,2014-11-18 19:37:44.987083,00:00:28.432557,28.432557
PERF.THRUPUT.QS11.Q12,2014-11-18 19:36:54.554545,2014-11-18 19:37:45.690734,00:00:51.136189,51.136189
PERF.THRUPUT.QS8.Q12,2014-11-18 19:36:46.981654,2014-11-18 19:37:45.750796,00:00:58.769142,58.769142
PERF.THRUPUT.QS20.Q10,2014-11-18 19:37:10.518346,2014-11-18 19:37:45.918186,00:00:35.39984,35.39984
PERF.THRUPUT.QS18.Q10,2014-11-18 19:37:21.940568,2014-11-18 19:37:46.014073,00:00:24.073505,24.073505
PERF.THRUPUT.QS9.Q10,2014-11-18 19:37:23.954628,2014-11-18 19:37:46.171125,00:00:22.216497,22.216497
PERF.THRUPUT.RFST15,2014-11-18 19:44:09.485132,2014-11-18 19:44:53.677589,00:00:44.192457,44.192457
PERF.THRUPUT.QS23.Q21,2014-11-18 19:37:05.815534,2014-11-18 19:37:48.589698,00:00:42.774164,42.774164
PERF.THRUPUT.QS10.Q21,2014-11-18 19:37:04.808343,2014-11-18 19:37:48.602715,00:00:43.794372,43.794372
PERF.THRUPUT.QS12.Q11,2014-11-18 19:37:24.918683,2014-11-18 19:37:49.590044,00:00:24.671361,24.671361
PERF.THRUPUT.QS2.Q7,2014-11-18 19:37:30.227654,2014-11-18 19:37:51.499067,00:00:21.271413,21.271413
PERF.THRUPUT.QS4.Q8,2014-11-18 19:37:36.245345,2014-11-18 19:37:53.946115,00:00:17.70077,17.70077
PERF.THRUPUT.QS13.Q2,2014-11-18 19:37:49.803843,2014-11-18 19:37:56.498577,00:00:06.694734,6.694734
PERF.THRUPUT.QS14.Q21,2014-11-18 19:37:09.145002,2014-11-18 19:37:57.502582,00:00:48.35758,48.35758
PERF.THRUPUT.QS17.Q14,2014-11-18 19:37:42.729708,2014-11-18 19:37:58.67254,00:00:15.942832,15.942832
PERF.THRUPUT.QS8.Q14,2014-11-18 19:37:45.825404,2014-11-18 19:38:02.62313,00:00:16.797726,16.797726
PERF.THRUPUT.QS22.Q18,2014-11-18 19:35:14.0375,2014-11-18 19:38:04.696934,00:02:50.659434,170.659434
PERF.THRUPUT.RFST8.RF2,2014-11-18 19:37:23.927082,2014-11-18 19:38:08.406661,00:00:44.479579,44.479579
PERF.THRUPUT.RFST8,2014-11-18 19:37:07.322337,2014-11-18 19:38:08.465101,00:01:01.142764,61.142764
PERF.THRUPUT.QS3.Q9,2014-11-18 19:35:31.4364,2014-11-18 19:38:19.468066,00:02:48.031666,168.031666
PERF.THRUPUT.QS12.Q2,2014-11-18 19:38:08.970461,2014-11-18 19:38:19.52212,00:00:10.551659,10.551659
PERF.THRUPUT.QS16.Q11,2014-11-18 19:38:17.679361,2014-11-18 19:38:19.686139,00:00:02.006778,2.006778
PERF.THRUPUT.QS6.Q18,2014-11-18 19:37:33.772505,2014-11-18 19:39:06.967078,00:01:33.194573,93.194573
PERF.THRUPUT.RFST9,2014-11-18 19:38:08.4987,2014-11-18 19:39:13.597326,00:01:05.098626,65.098626
PERF.THRUPUT.QS5.Q1,2014-11-18 19:37:37.139167,2014-11-18 19:39:23.513973,00:01:46.374806,106.374806
PERF.THRUPUT.QS23.Q1,2014-11-18 19:37:58.38981,2014-11-18 19:39:35.994958,00:01:37.605148,97.605148
PERF.THRUPUT.QS1.Q9,2014-11-18 19:37:16.843249,2014-11-18 19:40:07.861179,00:02:51.01793,171.01793
PERF.THRUPUT.QS3.Q2,2014-11-18 19:40:06.338093,2014-11-18 19:40:13.518121,00:00:07.180028,7.180028
PERF.THRUPUT.QS24.Q2,2014-11-18 19:40:02.503377,2014-11-18 19:40:13.612161,00:00:11.108784,11.108784
PERF.THRUPUT.QS19.Q7,2014-11-18 19:39:56.098207,2014-11-18 19:40:22.590118,00:00:26.491911,26.491911
PERF.THRUPUT.RFST11.RF1,2014-11-18 19:40:22.481976,2014-11-18 19:40:45.66189,00:00:23.179914,23.179914
PERF.THRUPUT.QS7.Q14,2014-11-18 19:40:34.519735,2014-11-18 19:40:53.27669,00:00:18.756955,18.756955
PERF.THRUPUT.QS14.Q3,2014-11-18 19:39:52.589331,2014-11-18 19:40:56.143126,00:01:03.553795,63.553795
PERF.THRUPUT.QS22.Q3,2014-11-18 19:40:24.112657,2014-11-18 19:41:00.439272,00:00:36.326615,36.326615
PERF.THRUPUT.QS17.Q20,2014-11-18 19:40:49.446523,2014-11-18 19:41:03.499245,00:00:14.052722,14.052722
PERF.THRUPUT.QS12.Q19,2014-11-18 19:41:16.558584,2014-11-18 19:41:17.663127,00:00:01.104543,1.104543
PERF.THRUPUT.QS14.Q12,2014-11-18 19:40:56.23605,2014-11-18 19:41:22.630449,00:00:26.394399,26.394399
PERF.THRUPUT.QS5.Q12,2014-11-18 19:40:50.906071,2014-11-18 19:41:22.775269,00:00:31.869198,31.869198
PERF.THRUPUT.QS17.Q6,2014-11-18 19:41:03.643247,2014-11-18 19:41:22.78189,00:00:19.138643,19.138643
PERF.THRUPUT.QS5.Q17,2014-11-18 19:41:22.894072,2014-11-18 19:41:26.685029,00:00:03.790957,3.790957
PERF.THRUPUT.QS24.Q1,2014-11-18 19:40:13.676707,2014-11-18 19:41:57.535125,00:01:43.858418,103.858418
PERF.THRUPUT.QS16.Q13,2014-11-18 19:41:23.904518,2014-11-18 19:42:02.830627,00:00:38.926109,38.926109
PERF.THRUPUT.RFST16.RF2,2014-11-18 19:45:04.067924,2014-11-18 19:45:38.267234,00:00:34.19931,34.19931
PERF.THRUPUT.RFST18.RF2,2014-11-18 19:46:32.500167,2014-11-18 19:47:06.177982,00:00:33.677815,33.677815
PERF.THRUPUT.RFST20.RF2,2014-11-18 19:47:59.269474,2014-11-18 19:48:33.431174,00:00:34.1617,34.1617
PERF.THRUPUT.RFST22.RF2,2014-11-18 19:49:27.040562,2014-11-18 19:50:01.119488,00:00:34.078926,34.078926
PERF.THRUPUT.RFST24.RF2,2014-11-18 19:50:57.489158,2014-11-18 19:51:31.190063,00:00:33.700905,33.700905
PERF.THRUPUT.QS8.Q4,2014-11-18 19:38:28.886697,2014-11-18 19:38:49.626408,00:00:20.739711,20.739711
PERF.THRUPUT.QS9.Q22,2014-11-18 19:38:38.727119,2014-11-18 19:38:51.075157,00:00:12.348038,12.348038
PERF.THRUPUT.QS22.Q5,2014-11-18 19:38:37.706551,2014-11-18 19:38:53.17129,00:00:15.464739,15.464739
PERF.THRUPUT.QS3.Q10,2014-11-18 19:38:19.582083,2014-11-18 19:38:53.407235,00:00:33.825152,33.825152
PERF.THRUPUT.QS4.Q10,2014-11-18 19:38:20.31226,2014-11-18 19:38:53.528038,00:00:33.215778,33.215778
PERF.THRUPUT.QS12.Q20,2014-11-18 19:38:38.732855,2014-11-18 19:38:56.898489,00:00:18.165634,18.165634
PERF.THRUPUT.QS21.Q7,2014-11-18 19:38:33.549918,2014-11-18 19:38:59.096995,00:00:25.547077,25.547077
PERF.THRUPUT.QS13.Q8,2014-11-18 19:38:49.678539,2014-11-18 19:39:07.068766,00:00:17.390227,17.390227
PERF.THRUPUT.QS14.Q22,2014-11-18 19:39:03.921151,2014-11-18 19:39:14.550457,00:00:10.629306,10.629306
PERF.THRUPUT.QS22.Q7,2014-11-18 19:38:53.267322,2014-11-18 19:39:18.582369,00:00:25.315047,25.315047
PERF.THRUPUT.QS14.Q11,2014-11-18 19:39:14.646489,2014-11-18 19:39:22.25517,00:00:07.608681,7.608681
PERF.THRUPUT.QS8.Q3,2014-11-18 19:38:49.682356,2014-11-18 19:39:22.940901,00:00:33.258545,33.258545
PERF.THRUPUT.QS13.Q20,2014-11-18 19:39:07.147946,2014-11-18 19:39:27.247274,00:00:20.099328,20.099328
PERF.THRUPUT.QS3.Q15,2014-11-18 19:38:53.527857,2014-11-18 19:39:30.707545,00:00:37.179688,37.179688
PERF.THRUPUT.QS24.Q22,2014-11-18 19:39:17.359465,2014-11-18 19:39:31.64044,00:00:14.280975,14.280975
PERF.THRUPUT.QS21.Q8,2014-11-18 19:38:59.206507,2014-11-18 19:39:32.647054,00:00:33.440547,33.440547
PERF.THRUPUT.RFST10.RF1,2014-11-18 19:39:13.69871,2014-11-18 19:39:32.929976,00:00:19.231266,19.231266
PERF.THRUPUT.QS6.Q12,2014-11-18 19:39:07.075095,2014-11-18 19:39:37.749578,00:00:30.674483,30.674483
PERF.THRUPUT.QS3.Q11,2014-11-18 19:39:30.765941,2014-11-18 19:39:39.772645,00:00:09.006704,9.006704
PERF.THRUPUT.QS16.Q8,2014-11-18 19:39:19.363878,2014-11-18 19:39:40.197274,00:00:20.833396,20.833396
PERF.THRUPUT.QS5.Q2,2014-11-18 19:39:23.554223,2014-11-18 19:39:42.05715,00:00:18.502927,18.502927
PERF.THRUPUT.QS8.Q20,2014-11-18 19:39:23.000968,2014-11-18 19:39:44.419038,00:00:21.41807,21.41807
PERF.THRUPUT.QS7.Q10,2014-11-18 19:39:09.401957,2014-11-18 19:39:52.307787,00:00:42.90583,42.90583
PERF.THRUPUT.QS14.Q10,2014-11-18 19:39:22.344546,2014-11-18 19:39:52.466676,00:00:30.12213,30.12213
PERF.THRUPUT.QS21.Q22,2014-11-18 19:39:32.787314,2014-11-18 19:39:52.487329,00:00:19.700015,19.700015
PERF.THRUPUT.QS12.Q21,2014-11-18 19:38:56.971129,2014-11-18 19:39:55.954287,00:00:58.983158,58.983158
PERF.THRUPUT.QS19.Q21,2014-11-18 19:39:00.347167,2014-11-18 19:39:55.955071,00:00:55.607904,55.607904
PERF.THRUPUT.QS22.Q8,2014-11-18 19:39:18.690365,2014-11-18 19:39:57.558884,00:00:38.868519,38.868519
PERF.THRUPUT.QS13.Q13,2014-11-18 19:39:27.297176,2014-11-18 19:40:02.194479,00:00:34.897303,34.897303
PERF.THRUPUT.QS24.Q15,2014-11-18 19:39:32.08479,2014-11-18 19:40:02.39536,00:00:30.31057,30.31057
PERF.THRUPUT.QS23.Q6,2014-11-18 19:39:36.113051,2014-11-18 19:40:02.878067,00:00:26.765016,26.765016
PERF.THRUPUT.QS23.Q17,2014-11-18 19:40:03.010077,2014-11-18 19:40:04.974786,00:00:01.964709,1.964709
PERF.THRUPUT.QS3.Q20,2014-11-18 19:39:39.883842,2014-11-18 19:40:06.235725,00:00:26.351883,26.351883
PERF.THRUPUT.QS4.Q18,2014-11-18 19:38:53.623843,2014-11-18 19:40:16.543033,00:01:22.91919,82.91919
PERF.THRUPUT.RFST10.RF2,2014-11-18 19:39:33.004156,2014-11-18 19:40:22.276784,00:00:49.272628,49.272628
PERF.THRUPUT.RFST10,2014-11-18 19:39:13.65261,2014-11-18 19:40:22.374225,00:01:08.721615,68.721615
PERF.THRUPUT.QS8.Q6,2014-11-18 19:39:57.555054,2014-11-18 19:40:23.959105,00:00:26.404051,26.404051
PERF.THRUPUT.QS1.Q22,2014-11-18 19:40:07.931004,2014-11-18 19:40:24.056021,00:00:16.125017,16.125017
PERF.THRUPUT.QS9.Q1,2014-11-18 19:38:51.088713,2014-11-18 19:40:27.834215,00:01:36.745502,96.745502
PERF.THRUPUT.QS8.Q22,2014-11-18 19:40:23.997891,2014-11-18 19:40:37.504471,00:00:13.50658,13.50658
PERF.THRUPUT.QS5.Q20,2014-11-18 19:40:29.455038,2014-11-18 19:40:50.790968,00:00:21.33593,21.33593
PERF.THRUPUT.QS19.Q3,2014-11-18 19:40:22.695581,2014-11-18 19:40:57.941042,00:00:35.245461,35.245461
PERF.THRUPUT.QS23.Q10,2014-11-18 19:40:24.306972,2014-11-18 19:41:00.11539,00:00:35.808418,35.808418
PERF.THRUPUT.QS15.Q19,2014-11-18 19:41:01.579213,2014-11-18 19:41:02.755923,00:00:01.17671,1.17671
PERF.THRUPUT.QS3.Q19,2014-11-18 19:41:11.368889,2014-11-18 19:41:12.7632,00:00:01.394311,1.394311
PERF.THRUPUT.QS19.Q6,2014-11-18 19:40:58.061757,2014-11-18 19:41:22.775278,00:00:24.713521,24.713521
PERF.THRUPUT.QS6.Q1,2014-11-18 19:39:37.84896,2014-11-18 19:41:27.702436,00:01:49.853476,109.853476
PERF.THRUPUT.QS15.Q4,2014-11-18 19:41:16.054693,2014-11-18 19:41:35.02339,00:00:18.968697,18.968697
PERF.THRUPUT.QS7.Q12,2014-11-18 19:41:22.666345,2014-11-18 19:41:48.343044,00:00:25.676699,25.676699
PERF.THRUPUT.QS17.Q12,2014-11-18 19:41:22.909064,2014-11-18 19:41:48.342994,00:00:25.43393,25.43393
PERF.THRUPUT.QS17.ALL,2014-11-18 19:30:11.142967,2014-11-18 19:41:48.402976,00:11:37.260009,697.260009
PERF.THRUPUT.QS2.Q4,2014-11-18 19:41:31.447024,2014-11-18 19:41:49.042261,00:00:17.595237,17.595237
PERF.THRUPUT.QS5.Q10,2014-11-18 19:41:26.813932,2014-11-18 19:41:49.098256,00:00:22.284324,22.284324
PERF.THRUPUT.QS3.Q13,2014-11-18 19:41:12.894543,2014-11-18 19:41:50.645763,00:00:37.75122,37.75122
PERF.THRUPUT.QS22.Q20,2014-11-18 19:41:35.766247,2014-11-18 19:41:52.443805,00:00:16.677558,16.677558
PERF.THRUPUT.QS8.Q13,2014-11-18 19:41:16.687139,2014-11-18 19:41:53.873827,00:00:37.186688,37.186688
PERF.THRUPUT.QS6.Q16,2014-11-18 19:41:49.45452,2014-11-18 19:42:01.5077,00:00:12.05318,12.05318
PERF.THRUPUT.QS3.Q16,2014-11-18 19:41:50.719075,2014-11-18 19:42:02.323725,00:00:11.60465,11.60465
PERF.THRUPUT.QS19.Q13,2014-11-18 19:41:22.882992,2014-11-18 19:42:02.65838,00:00:39.775388,39.775388
PERF.THRUPUT.QS8.Q2,2014-11-18 19:41:53.886407,2014-11-18 19:42:02.688797,00:00:08.80239,8.80239
PERF.THRUPUT.QS4.Q1,2014-11-18 19:40:16.690059,2014-11-18 19:42:03.499239,00:01:46.80918,106.80918
PERF.THRUPUT.QS13.Q15,2014-11-18 19:41:32.466693,2014-11-18 19:42:04.594436,00:00:32.127743,32.127743
PERF.THRUPUT.QS2.Q20,2014-11-18 19:41:49.084298,2014-11-18 19:42:04.981786,00:00:15.897488,15.897488
PERF.THRUPUT.QS23.Q13,2014-11-18 19:41:32.040451,2014-11-18 19:42:10.156518,00:00:38.116067,38.116067
PERF.THRUPUT.QS24.Q5,2014-11-18 19:41:57.617266,2014-11-18 19:42:16.218963,00:00:18.601697,18.601697
PERF.THRUPUT.QS16.Q7,2014-11-18 19:42:02.893716,2014-11-18 19:42:24.115733,00:00:21.222017,21.222017
PERF.THRUPUT.QS3.Q12,2014-11-18 19:42:02.381099,2014-11-18 19:42:25.758103,00:00:23.377004,23.377004
PERF.THRUPUT.QS20.Q21,2014-11-18 19:41:36.138663,2014-11-18 19:42:27.806548,00:00:51.667885,51.667885
PERF.THRUPUT.QS18.Q18,2014-11-18 19:41:16.592439,2014-11-18 19:42:31.360391,00:01:14.767952,74.767952
PERF.THRUPUT.RFST12,2014-11-18 19:41:35.071296,2014-11-18 19:42:34.223535,00:00:59.152239,59.152239
PERF.THRUPUT.QS21.Q9,2014-11-18 19:39:52.618177,2014-11-18 19:42:43.926521,00:02:51.308344,171.308344
PERF.THRUPUT.QS8.Q21,2014-11-18 19:42:02.80532,2014-11-18 19:42:46.945569,00:00:44.140249,44.140249
PERF.THRUPUT.QS15.Q18,2014-11-18 19:41:35.14118,2014-11-18 19:42:51.195641,00:01:16.054461,76.054461
PERF.THRUPUT.QS19.Q18,2014-11-18 19:42:02.829743,2014-11-18 19:43:10.375827,00:01:07.546084,67.546084
PERF.THRUPUT.QS11.ALL,2014-11-18 19:30:11.173344,2014-11-18 19:43:48.471752,00:13:37.298408,817.298408
PERF.THRUPUT.QS9.Q9,2014-11-18 19:41:22.823355,2014-11-18 19:43:51.944136,00:02:29.120781,149.120781
PERF.THRUPUT.QS22.Q9,2014-11-18 19:41:52.479732,2014-11-18 19:43:54.184899,00:02:01.705167,121.705167
PERF.THRUPUT.RFST15.RF1,2014-11-18 19:44:09.490833,2014-11-18 19:44:20.076229,00:00:10.585396,10.585396
PERF.THRUPUT.RFST17,2014-11-18 19:45:38.289494,2014-11-18 19:46:22.423978,00:00:44.134484,44.134484
PERF.THRUPUT.RFST19,2014-11-18 19:47:06.195741,2014-11-18 19:47:49.687036,00:00:43.491295,43.491295
PERF.THRUPUT.RFST21,2014-11-18 19:48:33.452587,2014-11-18 19:49:16.8934,00:00:43.440813,43.440813
PERF.THRUPUT.RFST23,2014-11-18 19:50:01.138428,2014-11-18 19:50:44.359211,00:00:43.220783,43.220783
PERF.THRUPUT.QS13.Q19,2014-11-18 19:42:04.710118,2014-11-18 19:42:06.178218,00:00:01.4681,1.4681
PERF.THRUPUT.QS13.ALL,2014-11-18 19:30:11.156341,2014-11-18 19:42:06.22452,00:11:55.068179,715.068179
PERF.THRUPUT.QS12.Q14,2014-11-18 19:41:56.17045,2014-11-18 19:42:09.078362,00:00:12.907912,12.907912
PERF.THRUPUT.QS1.Q4,2014-11-18 19:42:06.110678,2014-11-18 19:42:15.974131,00:00:09.863453,9.863453
PERF.THRUPUT.QS20.Q11,2014-11-18 19:42:27.914021,2014-11-18 19:42:32.202593,00:00:04.288572,4.288572
PERF.THRUPUT.QS4.Q13,2014-11-18 19:42:03.55633,2014-11-18 19:42:35.023034,00:00:31.466704,31.466704
PERF.THRUPUT.QS11.Q21,2014-11-18 19:41:41.862747,2014-11-18 19:42:35.129152,00:00:53.266405,53.266405
PERF.THRUPUT.QS2.Q3,2014-11-18 19:42:05.086368,2014-11-18 19:42:35.716813,00:00:30.630445,30.630445
PERF.THRUPUT.QS12.Q15,2014-11-18 19:42:09.186366,2014-11-18 19:42:36.430175,00:00:27.243809,27.243809
PERF.THRUPUT.QS24.Q12,2014-11-18 19:42:16.362115,2014-11-18 19:42:37.251676,00:00:20.889561,20.889561
PERF.THRUPUT.QS2.Q11,2014-11-18 19:42:35.837876,2014-11-18 19:42:37.620285,00:00:01.782409,1.782409
PERF.THRUPUT.QS6.Q2,2014-11-18 19:42:01.576637,2014-11-18 19:42:38.022243,00:00:36.445606,36.445606
PERF.THRUPUT.QS24.Q19,2014-11-18 19:42:37.339032,2014-11-18 19:42:38.238212,00:00:00.89918,0.89918
PERF.THRUPUT.QS10.Q3,2014-11-18 19:42:09.366483,2014-11-18 19:42:38.382832,00:00:29.016349,29.016349
PERF.THRUPUT.QS23.Q3,2014-11-18 19:42:10.278523,2014-11-18 19:42:39.114688,00:00:28.836165,28.836165
PERF.THRUPUT.QS24.Q17,2014-11-18 19:42:38.288936,2014-11-18 19:42:39.490031,00:00:01.201095,1.201095
PERF.THRUPUT.QS20.Q2,2014-11-18 19:42:32.288924,2014-11-18 19:42:39.798761,00:00:07.509837,7.509837
PERF.THRUPUT.QS11.Q2,2014-11-18 19:42:35.250999,2014-11-18 19:42:41.226159,00:00:05.97516,5.97516
PERF.THRUPUT.QS24.Q11,2014-11-18 19:42:39.599688,2014-11-18 19:42:41.459201,00:00:01.859513,1.859513
PERF.THRUPUT.QS10.Q16,2014-11-18 19:42:38.490775,2014-11-18 19:42:47.87775,00:00:09.386975,9.386975
PERF.THRUPUT.RFST13.RF1,2014-11-18 19:42:34.297594,2014-11-18 19:42:49.921869,00:00:15.624275,15.624275
PERF.THRUPUT.QS6.Q14,2014-11-18 19:42:38.118393,2014-11-18 19:42:50.749479,00:00:12.631086,12.631086
PERF.THRUPUT.QS24.Q16,2014-11-18 19:42:41.535765,2014-11-18 19:42:51.411888,00:00:09.876123,9.876123
PERF.THRUPUT.QS6.Q19,2014-11-18 19:42:50.840163,2014-11-18 19:42:52.160532,00:00:01.320369,1.320369
PERF.THRUPUT.QS3.Q3,2014-11-18 19:42:25.831131,2014-11-18 19:42:55.931043,00:00:30.099912,30.099912
PERF.THRUPUT.QS18.Q15,2014-11-18 19:42:31.4799,2014-11-18 19:42:59.680591,00:00:28.200691,28.200691
PERF.THRUPUT.QS20.Q6,2014-11-18 19:42:39.942625,2014-11-18 19:42:59.804753,00:00:19.862128,19.862128
PERF.THRUPUT.QS10.Q20,2014-11-18 19:42:47.890354,2014-11-18 19:42:59.923273,00:00:12.032919,12.032919
PERF.THRUPUT.QS4.Q7,2014-11-18 19:42:35.135255,2014-11-18 19:43:00.605248,00:00:25.469993,25.469993
PERF.THRUPUT.QS23.Q7,2014-11-18 19:42:39.222641,2014-11-18 19:43:00.632245,00:00:21.409604,21.409604
PERF.THRUPUT.QS10.Q19,2014-11-18 19:42:59.985362,2014-11-18 19:43:01.146633,00:00:01.161271,1.161271
PERF.THRUPUT.QS21.Q6,2014-11-18 19:42:43.998118,2014-11-18 19:43:04.954808,00:00:20.95669,20.95669
PERF.THRUPUT.QS10.Q11,2014-11-18 19:43:01.181654,2014-11-18 19:43:06.514382,00:00:05.332728,5.332728
PERF.THRUPUT.QS6.Q20,2014-11-18 19:42:52.180705,2014-11-18 19:43:06.532873,00:00:14.352168,14.352168
PERF.THRUPUT.QS6.Q17,2014-11-18 19:43:06.557553,2014-11-18 19:43:07.341238,00:00:00.783685,0.783685
PERF.THRUPUT.QS16.Q21,2014-11-18 19:42:24.230683,2014-11-18 19:43:08.652681,00:00:44.421998,44.421998
PERF.THRUPUT.QS16.ALL,2014-11-18 19:30:11.39355,2014-11-18 19:43:08.660734,00:12:57.267184,777.267184
PERF.THRUPUT.QS4.Q22,2014-11-18 19:43:00.819457,2014-11-18 19:43:09.790555,00:00:08.971098,8.971098
PERF.THRUPUT.QS11.Q13,2014-11-18 19:42:41.26642,2014-11-18 19:43:11.002295,00:00:29.735875,29.735875
PERF.THRUPUT.QS20.Q8,2014-11-18 19:42:59.858444,2014-11-18 19:43:11.935892,00:00:12.077448,12.077448
PERF.THRUPUT.QS20.ALL,2014-11-18 19:30:11.412999,2014-11-18 19:43:11.943796,00:13:00.530797,780.530797
PERF.THRUPUT.QS19.Q11,2014-11-18 19:43:10.389319,2014-11-18 19:43:14.210894,00:00:03.821575,3.821575
PERF.THRUPUT.QS10.Q4,2014-11-18 19:43:06.543836,2014-11-18 19:43:15.301455,00:00:08.757619,8.757619
PERF.THRUPUT.QS18.Q7,2014-11-18 19:42:59.734851,2014-11-18 19:43:18.301013,00:00:18.566162,18.566162
PERF.THRUPUT.QS2.Q21,2014-11-18 19:42:37.649806,2014-11-18 19:43:21.687676,00:00:44.03787,44.03787
PERF.THRUPUT.QS2.ALL,2014-11-18 19:30:11.037423,2014-11-18 19:43:21.696574,00:13:10.659151,790.659151
PERF.THRUPUT.QS19.Q20,2014-11-18 19:43:14.224244,2014-11-18 19:43:23.628518,00:00:09.404274,9.404274
PERF.THRUPUT.RFST13.RF2,2014-11-18 19:42:49.949347,2014-11-18 19:43:24.18176,00:00:34.232413,34.232413
PERF.THRUPUT.RFST13,2014-11-18 19:42:34.264919,2014-11-18 19:43:24.189757,00:00:49.924838,49.924838
PERF.THRUPUT.QS19.Q19,2014-11-18 19:43:23.641818,2014-11-18 19:43:24.333701,00:00:00.691883,0.691883
PERF.THRUPUT.QS10.Q8,2014-11-18 19:43:15.314948,2014-11-18 19:43:24.364098,00:00:09.04915,9.04915
PERF.THRUPUT.QS18.Q22,2014-11-18 19:43:18.314813,2014-11-18 19:43:26.262168,00:00:07.947355,7.947355
PERF.THRUPUT.QS11.Q6,2014-11-18 19:43:11.017993,2014-11-18 19:43:26.959157,00:00:15.941164,15.941164
PERF.THRUPUT.QS11.Q19,2014-11-18 19:43:26.972566,2014-11-18 19:43:27.545498,00:00:00.572932,0.572932
PERF.THRUPUT.QS21.Q3,2014-11-18 19:43:04.968256,2014-11-18 19:43:30.744655,00:00:25.776399,25.776399
PERF.THRUPUT.QS4.Q3,2014-11-18 19:43:09.803649,2014-11-18 19:43:35.541251,00:00:25.737602,25.737602
PERF.THRUPUT.QS18.Q16,2014-11-18 19:43:26.275042,2014-11-18 19:43:36.120944,00:00:09.845902,9.845902
PERF.THRUPUT.QS18.ALL,2014-11-18 19:30:11.258387,2014-11-18 19:43:36.142376,00:13:24.883989,804.883989
PERF.THRUPUT.RFST14.RF1,2014-11-18 19:43:24.204016,2014-11-18 19:43:36.281839,00:00:12.077823,12.077823
PERF.THRUPUT.QS21.Q2,2014-11-18 19:43:30.763636,2014-11-18 19:43:40.461132,00:00:09.697496,9.697496
PERF.THRUPUT.QS10.Q5,2014-11-18 19:43:24.377107,2014-11-18 19:43:41.418665,00:00:17.041558,17.041558
PERF.THRUPUT.QS6.Q21,2014-11-18 19:43:07.360441,2014-11-18 19:43:46.24309,00:00:38.882649,38.882649
PERF.THRUPUT.QS4.Q20,2014-11-18 19:43:35.55557,2014-11-18 19:43:47.319119,00:00:11.763549,11.763549
PERF.THRUPUT.QS11.Q7,2014-11-18 19:43:27.558734,2014-11-18 19:43:48.461779,00:00:20.903045,20.903045
PERF.THRUPUT.QS8.Q18,2014-11-18 19:42:47.074052,2014-11-18 19:43:51.074997,00:01:04.000945,64.000945
PERF.THRUPUT.QS8.Q11,2014-11-18 19:43:51.088228,2014-11-18 19:43:54.029452,00:00:02.941224,2.941224
PERF.THRUPUT.RFST14.RF2,2014-11-18 19:43:36.292092,2014-11-18 19:44:09.470619,00:00:33.178527,33.178527
PERF.THRUPUT.RFST14,2014-11-18 19:43:24.197491,2014-11-18 19:44:09.477975,00:00:45.280484,45.280484
PERF.THRUPUT.QS9.Q16,2014-11-18 19:44:10.906177,2014-11-18 19:44:19.831239,00:00:08.925062,8.925062
PERF.THRUPUT.QS19.Q1,2014-11-18 19:43:24.346891,2014-11-18 19:44:48.330022,00:01:23.983131,83.983131
PERF.THRUPUT.RFST17.RF1,2014-11-18 19:45:38.29779,2014-11-18 19:45:48.333529,00:00:10.035739,10.035739
PERF.THRUPUT.RFST19.RF1,2014-11-18 19:47:06.204573,2014-11-18 19:47:15.886843,00:00:09.68227,9.68227
PERF.THRUPUT.RFST21.RF1,2014-11-18 19:48:33.46118,2014-11-18 19:48:43.123737,00:00:09.662557,9.662557
PERF.THRUPUT.RFST23.RF1,2014-11-18 19:50:01.147083,2014-11-18 19:50:10.651302,00:00:09.504219,9.504219
