ctime,schemaname,relname,seq_scan,seq_tup_read,idx_scan,idx_tup_fetch,n_tup_ins,n_tup_upd,n_tup_del,n_tup_hot_upd,n_live_tup,n_dead_tup,heap_blks_read,heap_blks_hit,idx_blks_read,idx_blks_hit,toast_blks_read,toast_blks_hit,tidx_blks_read,tidx_blks_hit
1416334106.81379,pg_catalog,pg_attrdef,0,0,0,0,0,0,0,0,0,0,0,0,0,0,0,0,0,0
1416334106.81379,pg_catalog,pg_db_role_setting,0,0,30620,0,0,0,0,0,0,0,0,0,99,30521,0,0,0,0
1416334106.81379,pg_catalog,pg_rowsecurity,0,0,0,0,0,0,0,0,0,0,0,0,0,0,,,,
1416334106.81379,pg_catalog,pg_description,0,0,1016,0,0,0,0,0,0,0,0,0,288,1973,0,0,0,0
1416334106.81379,pg_catalog,pg_foreign_data_wrapper,0,0,0,0,0,0,0,0,0,0,0,0,0,0,,,,
1416334106.81379,pg_catalog,pg_conversion,0,0,0,0,0,0,0,0,0,0,0,0,0,0,,,,
1416334106.81379,pg_catalog,pg_class,2388,531799,172222,155965,376,126,404,122,309,118,2180,182146,1677,360539,,,,
1416334106.81379,pg_catalog,pg_opfamily,0,0,0,0,0,0,0,0,0,0,0,0,0,0,,,,
1416334106.81379,pg_catalog,pg_auth_members,0,0,0,0,0,0,0,0,0,0,0,0,0,0,,,,
1416334106.81379,pg_catalog,pg_operator,0,0,55927,295996,0,0,0,0,0,0,1645,204450,1408,121086,,,,
1416334106.81379,pg_toast,pg_toast_12345,0,0,0,0,0,0,0,0,0,0,0,0,0,0,,,,
1416334106.81379,pg_catalog,pg_attribute,517,3525,143066,324281,1424,30,1468,30,2012,234,5528,157207,1386,298698,,,,
1416334106.81379,pg_catalog,pg_tablespace,0,0,5109,5109,0,0,0,0,0,0,156,4953,321,9915,,,,
1416334106.81379,pg_catalog,pg_statistic,0,0,40477,39196,261,790,327,733,401,164,3931,37557,486,86340,9646,39697,375,34825
1416334106.81379,pg_catalog,pg_aggregate,0,0,3906,3906,0,0,0,0,0,0,286,3620,650,6151,,,,
1416334106.81379,pg_catalog,pg_inherits,0,0,229,0,0,0,0,0,0,0,0,0,100,129,,,,
1416334106.81379,pg_catalog,pg_enum,0,0,0,0,0,0,0,0,0,0,0,0,0,0,,,,
1416334106.81379,pg_toast,pg_toast_2396,0,0,0,0,0,0,0,0,0,0,0,0,0,0,,,,
1416334106.81379,pg_catalog,pg_pltemplate,0,0,0,0,0,0,0,0,0,0,0,0,0,0,,,,
1416334106.81379,pg_toast,pg_toast_2618,0,0,630,2012,0,0,0,0,0,0,379,393,112,904,,,,
1416334106.81379,pg_toast,pg_toast_3596,0,0,0,0,0,0,0,0,0,0,0,0,0,0,,,,
1416334106.81379,public,customer,0,0,,,0,0,0,0,0,0,0,0,,,,,,
1416334106.81379,public,region,0,0,,,0,0,0,0,0,0,0,0,,,,,,
1416334106.81379,pg_toast,pg_toast_2606,0,0,0,0,0,0,0,0,0,0,0,0,0,0,,,,
1416334106.81379,pg_toast,pg_toast_2964,0,0,0,0,0,0,0,0,0,0,0,0,0,0,,,,
1416334106.81379,pg_toast,pg_toast_12330,0,0,0,0,0,0,0,0,0,0,0,0,0,0,,,,
1416334106.81379,pg_catalog,pg_database,693,2688,24886,24886,0,0,0,0,0,0,79,25500,448,39734,,,,
1416334106.81379,information_schema,sql_sizing_profiles,0,0,,,0,0,0,0,0,0,0,0,,,0,0,0,0
1416334106.81379,pg_toast,pg_toast_2620,0,0,0,0,0,0,0,0,0,0,0,0,0,0,,,,
1416334106.81379,pg_catalog,pg_depend,0,0,9389,10112,1685,0,1746,0,6624,596,1635,12043,2402,24183,,,,
1416334106.81379,pg_catalog,pg_language,0,0,0,0,0,0,0,0,0,0,0,0,0,0,,,,
1416334106.81379,public,time_statistics,0,0,,,1,0,0,0,1,0,1,0,,,,,,
1416334106.81379,public,partsupp,0,0,,,0,0,0,0,0,0,0,0,,,,,,
1416334106.81379,pg_toast,pg_toast_12320,0,0,0,0,0,0,0,0,0,0,0,0,0,0,,,,
1416334106.81379,public,supplier,0,0,,,0,0,0,0,0,0,0,0,,,,,,
1416334106.81379,pg_catalog,pg_amproc,94,188,31662,49916,0,0,0,0,0,0,165,31077,307,70424,,,,
1416334106.81379,public,part,0,0,,,0,0,0,0,0,0,0,0,,,,,,
1416334106.81379,public,orders,0,0,,,0,0,0,0,0,0,0,0,,,,,,
1416334106.81379,pg_catalog,pg_collation,0,0,0,0,0,0,0,0,0,0,0,0,0,0,,,,
1416334106.81379,pg_catalog,pg_range,0,0,1767,0,0,0,0,0,0,0,0,0,660,2874,,,,
1416334106.81379,pg_toast,pg_toast_2609,0,0,0,0,0,0,0,0,0,0,0,0,0,0,,,,
1416334106.81379,pg_catalog,pg_opclass,94,94,43629,488268,0,0,0,0,0,0,350,194257,719,53307,,,,
1416334106.81379,information_schema,sql_packages,0,0,,,0,0,0,0,0,0,0,0,,,0,0,0,0
1416334106.81379,pg_catalog,pg_rewrite,0,0,1630,1252,126,0,126,0,110,26,861,1508,407,2377,379,393,224,1808
1416334106.81379,pg_toast,pg_toast_1255,0,0,0,0,0,0,0,0,0,0,0,0,0,0,,,,
1416334106.81379,pg_catalog,pg_seclabel,0,0,1016,0,0,0,0,0,0,0,0,0,94,922,0,0,0,0
1416334106.81379,pg_toast,pg_toast_12335,0,0,0,0,0,0,0,0,0,0,0,0,0,0,,,,
1416334106.81379,pg_catalog,pg_ts_parser,0,0,0,0,0,0,0,0,0,0,0,0,0,0,,,,
1416334106.81379,pg_catalog,pg_trigger,0,0,0,0,0,0,0,0,0,0,0,0,0,0,0,0,0,0
1416334106.81379,pg_toast,pg_toast_12340,0,0,0,0,0,0,0,0,0,0,0,0,0,0,,,,
1416334106.81379,pg_catalog,pg_shseclabel,0,0,0,0,0,0,0,0,0,0,0,0,0,0,,,,
1416334106.81379,pg_catalog,pg_event_trigger,0,0,353,0,0,0,0,0,0,0,0,0,107,246,,,,
1416334106.81379,information_schema,sql_features,0,0,,,0,0,0,0,0,0,0,0,,,0,0,0,0
1416334106.81379,information_schema,sql_languages,0,0,,,0,0,0,0,0,0,0,0,,,0,0,0,0
1416334106.81379,pg_catalog,pg_foreign_table,0,0,0,0,0,0,0,0,0,0,0,0,0,0,,,,
1416334106.81379,pg_catalog,pg_extension,0,0,0,0,0,0,0,0,0,0,0,0,0,0,,,,
1416334106.81379,pg_catalog,pg_ts_config,0,0,0,0,0,0,0,0,0,0,0,0,0,0,,,,
1416334106.81379,pg_catalog,pg_shdescription,0,0,0,0,0,0,0,0,0,0,0,0,0,0,0,0,0,0
1416334106.81379,pg_catalog,pg_cast,0,0,242523,57427,0,0,0,0,0,0,332,57095,214,249208,,,,
1416334106.81379,pg_catalog,pg_amop,0,0,64894,94795,0,0,0,0,0,0,499,94296,1087,137154,,,,
1416334106.81379,pg_catalog,pg_user_mapping,0,0,0,0,0,0,0,0,0,0,0,0,0,0,,,,
1416334106.81379,pg_toast,pg_toast_12315,0,0,0,0,0,0,0,0,0,0,0,0,0,0,,,,
1416334106.81379,pg_catalog,pg_type,0,0,171971,170259,454,0,454,0,360,115,1152,171114,1714,353357,,,,
1416334106.81379,pg_catalog,pg_largeobject,0,0,0,0,0,0,0,0,0,0,0,0,0,0,,,,
1416334106.81379,information_schema,sql_parts,0,0,,,0,0,0,0,0,0,0,0,,,0,0,0,0
1416334106.81379,pg_catalog,pg_ts_config_map,0,0,0,0,0,0,0,0,0,0,0,0,0,0,,,,
1416334106.81379,pg_catalog,pg_largeobject_metadata,0,0,0,0,0,0,0,0,0,0,0,0,0,0,,,,
1416334106.81379,pg_catalog,pg_am,7554,7554,0,0,0,0,0,0,0,0,116,7438,0,0,,,,
1416334106.81379,pg_catalog,pg_ts_template,0,0,0,0,0,0,0,0,0,0,0,0,0,0,,,,
1416334106.81379,pg_catalog,pg_foreign_server,0,0,0,0,0,0,0,0,0,0,0,0,0,0,,,,
1416334106.81379,pg_catalog,pg_namespace,264,22176,37230,30129,0,0,0,0,0,0,164,30493,490,44337,,,,
1416334106.81379,pg_toast,pg_toast_2619,0,0,30384,101866,968,0,970,0,21,260,9646,39697,375,34825,,,,
1416334106.81379,pg_catalog,pg_authid,150,150,14240,14240,0,0,0,0,0,0,97,14293,458,28022,,,,
1416334106.81379,pg_catalog,pg_default_acl,0,0,916,0,0,0,0,0,0,0,0,0,96,820,,,,
1416334106.81379,public,nation,0,0,,,0,0,0,0,0,0,0,0,,,,,,
1416334106.81379,public,lineitem,0,0,,,0,0,0,0,0,0,0,0,,,,,,
1416334106.81379,pg_catalog,pg_shdepend,0,0,1170,219,0,0,0,0,0,0,106,113,404,1204,,,,
1416334106.81379,pg_catalog,pg_constraint,0,0,56,32,24,0,32,0,0,32,13,147,26,254,0,0,0,0
1416334106.81379,information_schema,sql_implementation_info,0,0,,,0,0,0,0,0,0,0,0,,,0,0,0,0
1416334106.81379,pg_catalog,pg_index,915,82674,82293,116317,147,0,175,0,115,51,1032,116105,579,93806,,,,
1416334106.81379,pg_catalog,pg_ts_dict,0,0,0,0,0,0,0,0,0,0,0,0,0,0,,,,
1416334106.81379,pg_toast,pg_toast_2604,0,0,0,0,0,0,0,0,0,0,0,0,0,0,,,,
1416334106.81379,pg_toast,pg_toast_12325,0,0,0,0,0,0,0,0,0,0,0,0,0,0,,,,
1416334106.81379,information_schema,sql_sizing,0,0,,,0,0,0,0,0,0,0,0,,,0,0,0,0
1416334106.81379,pg_catalog,pg_proc,0,0,63052,93464,0,0,0,0,0,0,5474,62320,2753,137024,0,0,0,0
1416334166.81645,pg_catalog,pg_attrdef,0,0,0,0,0,0,0,0,0,0,0,0,0,0,0,0,0,0
1416334166.81645,pg_catalog,pg_db_role_setting,0,0,30880,0,0,0,0,0,0,0,0,0,100,30780,0,0,0,0
1416334166.81645,pg_catalog,pg_rowsecurity,0,0,0,0,0,0,0,0,0,0,0,0,0,0,,,,
1416334166.81645,pg_catalog,pg_description,0,0,1016,0,0,0,0,0,0,0,0,0,288,1973,0,0,0,0
1416334166.81645,pg_catalog,pg_foreign_data_wrapper,0,0,0,0,0,0,0,0,0,0,0,0,0,0,,,,
1416334166.81645,pg_catalog,pg_conversion,0,0,0,0,0,0,0,0,0,0,0,0,0,0,,,,
1416334166.81645,pg_catalog,pg_class,2421,534665,173169,156849,393,126,404,122,326,0,2180,183419,1679,362634,,,,
1416334166.81645,pg_catalog,pg_opfamily,0,0,0,0,0,0,0,0,0,0,0,0,0,0,,,,
1416334166.81645,pg_catalog,pg_auth_members,0,0,0,0,0,0,0,0,0,0,0,0,0,0,,,,
1416334166.81645,pg_catalog,pg_operator,0,0,55986,296111,0,0,0,0,0,0,1657,204534,1409,121224,,,,
1416334166.81645,pg_toast,pg_toast_12345,0,0,0,0,0,0,0,0,0,0,0,0,0,0,,,,
1416334166.81645,pg_catalog,pg_attribute,539,3675,143905,326396,1449,37,1468,37,2495,241,5548,158527,1387,300528,,,,
1416334166.81645,pg_catalog,pg_tablespace,0,0,5116,5116,0,0,0,0,0,0,157,4959,324,9928,,,,
1416334166.81645,pg_catalog,pg_statistic,0,0,40664,39339,299,914,327,856,439,124,3959,37998,486,86808,9675,40273,375,35046
1416334166.81645,pg_catalog,pg_aggregate,0,0,3907,3907,0,0,0,0,0,0,287,3620,652,6151,,,,
1416334166.81645,pg_catalog,pg_inherits,0,0,229,0,0,0,0,0,0,0,0,0,100,129,,,,
1416334166.81645,pg_catalog,pg_enum,0,0,0,0,0,0,0,0,0,0,0,0,0,0,,,,
1416334166.81645,pg_toast,pg_toast_2396,0,0,0,0,0,0,0,0,0,0,0,0,0,0,,,,
1416334166.81645,pg_catalog,pg_pltemplate,0,0,0,0,0,0,0,0,0,0,0,0,0,0,,,,
1416334166.81645,pg_toast,pg_toast_2618,0,0,636,2030,0,0,0,0,0,0,384,395,112,914,,,,
1416334166.81645,pg_toast,pg_toast_3596,0,0,0,0,0,0,0,0,0,0,0,0,0,0,,,,
1416334166.81645,public,customer,6,9000000,0,0,1500000,0,0,0,1500000,0,68533,294857,0,0,,,,
1416334166.81645,public,region,2,10,0,0,5,0,0,0,5,0,1,3,0,0,,,,
1416334166.81645,pg_toast,pg_toast_2606,0,0,0,0,0,0,0,0,0,0,0,0,0,0,,,,
1416334166.81645,pg_toast,pg_toast_2964,0,0,0,0,0,0,0,0,0,0,0,0,0,0,,,,
1416334166.81645,pg_toast,pg_toast_12330,0,0,0,0,0,0,0,0,0,0,0,0,0,0,,,,
1416334166.81645,pg_catalog,pg_database,697,2698,25096,25096,0,0,0,0,0,0,79,25714,452,40069,,,,
1416334166.81645,information_schema,sql_sizing_profiles,0,0,,,0,0,0,0,0,0,0,0,,,0,0,0,0
1416334166.81645,pg_toast,pg_toast_2620,0,0,0,0,0,0,0,0,0,0,0,0,0,0,,,,
1416334166.81645,pg_catalog,pg_depend,0,0,9459,10176,1719,0,1746,0,6658,596,1641,12188,2406,24489,,,,
1416334166.81645,pg_catalog,pg_language,0,0,0,0,0,0,0,0,0,0,0,0,0,0,,,,
1416334166.81645,public,time_statistics,0,0,,,1,0,0,0,1,0,1,0,,,,,,
1416334166.81645,public,partsupp,3,24000000,0,0,8000000,0,0,0,8000000,0,340611,954509,0,0,,,,
1416334166.81645,pg_toast,pg_toast_12320,0,0,0,0,0,0,0,0,0,0,0,0,0,0,,,,
1416334166.81645,public,supplier,4,400000,0,0,100000,0,0,0,100000,0,2312,15648,0,0,,,,
1416334166.81645,pg_catalog,pg_amproc,98,196,31801,50119,0,0,0,0,0,0,165,31219,307,70731,,,,
1416334166.81645,public,part,6,12000000,0,0,2000000,0,0,0,2000000,0,79007,327715,0,0,,,,
1416334166.81645,public,orders,0,0,,,0,0,0,0,0,0,0,0,,,,,,
1416334166.81645,pg_catalog,pg_collation,0,0,0,0,0,0,0,0,0,0,0,0,0,0,,,,
1416334166.81645,pg_catalog,pg_range,0,0,1767,0,0,0,0,0,0,0,0,0,660,2874,,,,
1416334166.81645,pg_toast,pg_toast_2609,0,0,0,0,0,0,0,0,0,0,0,0,0,0,,,,
1416334166.81645,pg_catalog,pg_opclass,98,98,43853,491859,0,0,0,0,0,0,350,195457,719,53587,,,,
1416334166.81645,information_schema,sql_packages,0,0,,,0,0,0,0,0,0,0,0,,,0,0,0,0
1416334166.81645,pg_catalog,pg_rewrite,0,0,1638,1260,126,0,126,0,110,26,865,1512,407,2391,384,395,224,1828
1416334166.81645,pg_toast,pg_toast_1255,0,0,0,0,0,0,0,0,0,0,0,0,0,0,,,,
1416334166.81645,pg_catalog,pg_seclabel,0,0,1016,0,0,0,0,0,0,0,0,0,94,922,0,0,0,0
1416334166.81645,pg_toast,pg_toast_12335,0,0,0,0,0,0,0,0,0,0,0,0,0,0,,,,
1416334166.81645,pg_catalog,pg_ts_parser,0,0,0,0,0,0,0,0,0,0,0,0,0,0,,,,
1416334166.81645,pg_catalog,pg_trigger,0,0,0,0,0,0,0,0,0,0,0,0,0,0,0,0,0,0
1416334166.81645,pg_toast,pg_toast_12340,0,0,0,0,0,0,0,0,0,0,0,0,0,0,,,,
1416334166.81645,pg_catalog,pg_shseclabel,0,0,0,0,0,0,0,0,0,0,0,0,0,0,,,,
1416334166.81645,pg_catalog,pg_event_trigger,0,0,370,0,0,0,0,0,0,0,0,0,107,263,,,,
1416334166.81645,information_schema,sql_features,0,0,,,0,0,0,0,0,0,0,0,,,0,0,0,0
1416334166.81645,information_schema,sql_languages,0,0,,,0,0,0,0,0,0,0,0,,,0,0,0,0
1416334166.81645,pg_catalog,pg_foreign_table,0,0,0,0,0,0,0,0,0,0,0,0,0,0,,,,
1416334166.81645,pg_catalog,pg_extension,0,0,0,0,0,0,0,0,0,0,0,0,0,0,,,,
1416334166.81645,pg_catalog,pg_ts_config,0,0,0,0,0,0,0,0,0,0,0,0,0,0,,,,
1416334166.81645,pg_catalog,pg_shdescription,0,0,0,0,0,0,0,0,0,0,0,0,0,0,0,0,0,0
1416334166.81645,pg_catalog,pg_cast,0,0,243842,57673,0,0,0,0,0,0,332,57341,214,250557,,,,
1416334166.81645,pg_catalog,pg_amop,0,0,65056,94972,0,0,0,0,0,0,501,94471,1088,137499,,,,
1416334166.81645,pg_catalog,pg_user_mapping,0,0,0,0,0,0,0,0,0,0,0,0,0,0,,,,
1416334166.81645,pg_toast,pg_toast_12315,0,0,0,0,0,0,0,0,0,0,0,0,0,0,,,,
1416334166.81645,pg_catalog,pg_type,0,0,172222,170510,454,0,454,0,360,115,1157,171372,1714,353897,,,,
1416334166.81645,pg_catalog,pg_largeobject,0,0,0,0,0,0,0,0,0,0,0,0,0,0,,,,
1416334166.81645,information_schema,sql_parts,0,0,,,0,0,0,0,0,0,0,0,,,0,0,0,0
1416334166.81645,pg_catalog,pg_ts_config_map,0,0,0,0,0,0,0,0,0,0,0,0,0,0,,,,
1416334166.81645,pg_catalog,pg_largeobject_metadata,0,0,0,0,0,0,0,0,0,0,0,0,0,0,,,,
1416334166.81645,pg_catalog,pg_am,7600,7600,0,0,0,0,0,0,0,0,116,7484,0,0,,,,
1416334166.81645,pg_catalog,pg_ts_template,0,0,0,0,0,0,0,0,0,0,0,0,0,0,,,,
1416334166.81645,pg_catalog,pg_foreign_server,0,0,0,0,0,0,0,0,0,0,0,0,0,0,,,,
1416334166.81645,pg_catalog,pg_namespace,266,22344,37423,30287,0,0,0,0,0,0,164,30655,490,44568,,,,
1416334166.81645,pg_toast,pg_toast_2619,0,0,30427,101888,1137,0,978,0,182,16,9675,40273,375,35046,,,,
1416334166.81645,pg_catalog,pg_authid,153,153,14367,14367,0,0,0,0,0,0,98,14422,462,28272,,,,
1416334166.81645,pg_catalog,pg_default_acl,0,0,916,0,0,0,0,0,0,0,0,0,96,820,,,,
1416334166.81645,public,nation,2,50,0,0,25,0,0,0,25,0,1,3,0,0,,,,
1416334166.81645,public,lineitem,0,0,,,0,0,0,0,0,0,0,0,,,,,,
1416334166.81645,pg_catalog,pg_shdepend,0,0,1245,229,0,0,0,0,0,0,107,122,408,1295,,,,
1416334166.81645,pg_catalog,pg_constraint,0,0,62,32,30,0,32,0,8,48,17,169,32,302,0,0,0,0
1416334166.81645,information_schema,sql_implementation_info,0,0,,,0,0,0,0,0,0,0,0,,,0,0,0,0
1416334166.81645,pg_catalog,pg_index,934,83263,82704,116860,164,0,175,0,132,51,1036,116680,579,94310,,,,
1416334166.81645,pg_catalog,pg_ts_dict,0,0,0,0,0,0,0,0,0,0,0,0,0,0,,,,
1416334166.81645,pg_toast,pg_toast_2604,0,0,0,0,0,0,0,0,0,0,0,0,0,0,,,,
1416334166.81645,pg_toast,pg_toast_12325,0,0,0,0,0,0,0,0,0,0,0,0,0,0,,,,
1416334166.81645,information_schema,sql_sizing,0,0,,,0,0,0,0,0,0,0,0,,,0,0,0,0
1416334166.81645,pg_catalog,pg_proc,0,0,63150,93610,0,0,0,0,0,0,5489,62433,2758,137234,0,0,0,0
1416334226.81824,pg_catalog,pg_attrdef,0,0,0,0,0,0,0,0,0,0,0,0,0,0,0,0,0,0
1416334226.81824,pg_catalog,pg_db_role_setting,0,0,30924,0,0,0,0,0,0,0,0,0,100,30824,0,0,0,0
1416334226.81824,pg_catalog,pg_rowsecurity,0,0,0,0,0,0,0,0,0,0,0,0,0,0,,,,
1416334226.81824,pg_catalog,pg_description,0,0,1016,0,0,0,0,0,0,0,0,0,288,1973,0,0,0,0
1416334226.81824,pg_catalog,pg_foreign_data_wrapper,0,0,0,0,0,0,0,0,0,0,0,0,0,0,,,,
1416334226.81824,pg_catalog,pg_conversion,0,0,0,0,0,0,0,0,0,0,0,0,0,0,,,,
1416334226.81824,pg_catalog,pg_class,2431,537622,173576,157241,396,126,404,122,329,0,2180,183962,1679,363494,,,,
1416334226.81824,pg_catalog,pg_opfamily,0,0,0,0,0,0,0,0,0,0,0,0,0,0,,,,
1416334226.81824,pg_catalog,pg_auth_members,0,0,0,0,0,0,0,0,0,0,0,0,0,0,,,,
1416334226.81824,pg_catalog,pg_operator,0,0,56008,296133,0,0,0,0,0,0,1657,204556,1409,121277,,,,
1416334226.81824,pg_toast,pg_toast_12345,0,0,0,0,0,0,0,0,0,0,0,0,0,0,,,,
1416334226.81824,pg_catalog,pg_attribute,539,3675,144171,326927,1454,38,1468,38,2500,242,5548,158822,1387,301095,,,,
1416334226.81824,pg_catalog,pg_tablespace,0,0,5121,5121,0,0,0,0,0,0,157,4964,324,9938,,,,
1416334226.81824,pg_catalog,pg_statistic,0,0,40702,39360,308,914,327,856,448,124,3959,38037,486,86909,9675,40340,375,35100
1416334226.81824,pg_catalog,pg_aggregate,0,0,3908,3908,0,0,0,0,0,0,287,3621,652,6153,,,,
1416334226.81824,pg_catalog,pg_inherits,0,0,229,0,0,0,0,0,0,0,0,0,100,129,,,,
1416334226.81824,pg_catalog,pg_enum,0,0,0,0,0,0,0,0,0,0,0,0,0,0,,,,
1416334226.81824,pg_toast,pg_toast_2396,0,0,0,0,0,0,0,0,0,0,0,0,0,0,,,,
1416334226.81824,pg_catalog,pg_pltemplate,0,0,0,0,0,0,0,0,0,0,0,0,0,0,,,,
1416334226.81824,pg_toast,pg_toast_2618,0,0,641,2046,0,0,0,0,0,0,384,401,112,922,,,,
1416334226.81824,pg_toast,pg_toast_3596,0,0,0,0,0,0,0,0,0,0,0,0,0,0,,,,
1416334226.81824,public,customer,6,9000000,0,0,1500000,0,0,0,1500000,0,68533,294857,0,0,,,,
1416334226.81824,public,region,2,10,0,0,5,0,0,0,5,0,1,3,0,0,,,,
1416334226.81824,pg_toast,pg_toast_2606,0,0,0,0,0,0,0,0,0,0,0,0,0,0,,,,
1416334226.81824,pg_toast,pg_toast_2964,0,0,0,0,0,0,0,0,0,0,0,0,0,0,,,,
1416334226.81824,pg_toast,pg_toast_12330,0,0,0,0,0,0,0,0,0,0,0,0,0,0,,,,
1416334226.81824,pg_catalog,pg_database,700,2710,25138,25138,0,0,0,0,0,0,79,25759,452,40133,,,,
1416334226.81824,information_schema,sql_sizing_profiles,0,0,,,0,0,0,0,0,0,0,0,,,0,0,0,0
1416334226.81824,pg_toast,pg_toast_2620,0,0,0,0,0,0,0,0,0,0,0,0,0,0,,,,
1416334226.81824,pg_catalog,pg_depend,0,0,9470,10186,1725,0,1746,0,6664,596,1641,12213,2406,24541,,,,
1416334226.81824,pg_catalog,pg_language,0,0,0,0,0,0,0,0,0,0,0,0,0,0,,,,
1416334226.81824,public,time_statistics,0,0,,,1,0,0,0,1,0,1,0,,,,,,
1416334226.81824,public,partsupp,3,24000000,0,0,8000000,0,0,0,8000000,0,340611,954509,0,0,,,,
1416334226.81824,pg_toast,pg_toast_12320,0,0,0,0,0,0,0,0,0,0,0,0,0,0,,,,
1416334226.81824,public,supplier,4,400000,0,0,100000,0,0,0,100000,0,2312,15648,0,0,,,,
1416334226.81824,pg_catalog,pg_amproc,98,196,31836,50175,0,0,0,0,0,0,165,31253,307,70811,,,,
1416334226.81824,public,part,6,12000000,0,0,2000000,0,0,0,2000000,0,79007,327715,0,0,,,,
1416334226.81824,public,orders,4,60000000,0,0,15000000,0,0,0,15000000,0,504554,1558780,0,0,,,,
1416334226.81824,pg_catalog,pg_collation,0,0,0,0,0,0,0,0,0,0,0,0,0,0,,,,
1416334226.81824,pg_catalog,pg_range,0,0,1767,0,0,0,0,0,0,0,0,0,660,2874,,,,
1416334226.81824,pg_toast,pg_toast_2609,0,0,0,0,0,0,0,0,0,0,0,0,0,0,,,,
1416334226.81824,pg_catalog,pg_opclass,98,98,43903,492506,0,0,0,0,0,0,350,195679,719,53654,,,,
1416334226.81824,information_schema,sql_packages,0,0,,,0,0,0,0,0,0,0,0,,,0,0,0,0
1416334226.81824,pg_catalog,pg_rewrite,0,0,1645,1267,126,0,126,0,110,26,865,1519,407,2403,384,401,224,1844
1416334226.81824,pg_toast,pg_toast_1255,0,0,0,0,0,0,0,0,0,0,0,0,0,0,,,,
1416334226.81824,pg_catalog,pg_seclabel,0,0,1016,0,0,0,0,0,0,0,0,0,94,922,0,0,0,0
1416334226.81824,pg_toast,pg_toast_12335,0,0,0,0,0,0,0,0,0,0,0,0,0,0,,,,
1416334226.81824,pg_catalog,pg_ts_parser,0,0,0,0,0,0,0,0,0,0,0,0,0,0,,,,
1416334226.81824,pg_catalog,pg_trigger,0,0,0,0,0,0,0,0,0,0,0,0,0,0,0,0,0,0
1416334226.81824,pg_toast,pg_toast_12340,0,0,0,0,0,0,0,0,0,0,0,0,0,0,,,,
1416334226.81824,pg_catalog,pg_shseclabel,0,0,0,0,0,0,0,0,0,0,0,0,0,0,,,,
1416334226.81824,pg_catalog,pg_event_trigger,0,0,373,0,0,0,0,0,0,0,0,0,107,266,,,,
1416334226.81824,information_schema,sql_features,0,0,,,0,0,0,0,0,0,0,0,,,0,0,0,0
1416334226.81824,information_schema,sql_languages,0,0,,,0,0,0,0,0,0,0,0,,,0,0,0,0
1416334226.81824,pg_catalog,pg_foreign_table,0,0,0,0,0,0,0,0,0,0,0,0,0,0,,,,
1416334226.81824,pg_catalog,pg_extension,0,0,0,0,0,0,0,0,0,0,0,0,0,0,,,,
1416334226.81824,pg_catalog,pg_ts_config,0,0,0,0,0,0,0,0,0,0,0,0,0,0,,,,
1416334226.81824,pg_catalog,pg_shdescription,0,0,0,0,0,0,0,0,0,0,0,0,0,0,0,0,0,0
1416334226.81824,pg_catalog,pg_cast,0,0,244035,57733,0,0,0,0,0,0,332,57401,214,250759,,,,
1416334226.81824,pg_catalog,pg_amop,0,0,65115,95042,0,0,0,0,0,0,501,94541,1088,137629,,,,
1416334226.81824,pg_catalog,pg_user_mapping,0,0,0,0,0,0,0,0,0,0,0,0,0,0,,,,
1416334226.81824,pg_toast,pg_toast_12315,0,0,0,0,0,0,0,0,0,0,0,0,0,0,,,,
1416334226.81824,pg_catalog,pg_type,0,0,172330,170618,454,0,454,0,360,115,1157,171480,1714,354123,,,,
1416334226.81824,pg_catalog,pg_largeobject,0,0,0,0,0,0,0,0,0,0,0,0,0,0,,,,
1416334226.81824,information_schema,sql_parts,0,0,,,0,0,0,0,0,0,0,0,,,0,0,0,0
1416334226.81824,pg_catalog,pg_ts_config_map,0,0,0,0,0,0,0,0,0,0,0,0,0,0,,,,
1416334226.81824,pg_catalog,pg_largeobject_metadata,0,0,0,0,0,0,0,0,0,0,0,0,0,0,,,,
1416334226.81824,pg_catalog,pg_am,7613,7613,0,0,0,0,0,0,0,0,116,7497,0,0,,,,
1416334226.81824,pg_catalog,pg_ts_template,0,0,0,0,0,0,0,0,0,0,0,0,0,0,,,,
1416334226.81824,pg_catalog,pg_foreign_server,0,0,0,0,0,0,0,0,0,0,0,0,0,0,,,,
1416334226.81824,pg_catalog,pg_namespace,268,22512,37581,30435,0,0,0,0,0,0,164,30807,490,44739,,,,
1416334226.81824,pg_toast,pg_toast_2619,0,0,30440,101894,1174,0,978,0,219,16,9675,40340,375,35100,,,,
1416334226.81824,pg_catalog,pg_authid,154,154,14385,14385,0,0,0,0,0,0,98,14441,462,28308,,,,
1416334226.81824,pg_catalog,pg_default_acl,0,0,916,0,0,0,0,0,0,0,0,0,96,820,,,,
1416334226.81824,public,nation,2,50,0,0,25,0,0,0,25,0,1,3,0,0,,,,
1416334226.81824,public,lineitem,0,0,,,0,0,0,0,0,0,0,0,,,,,,
1416334226.81824,pg_catalog,pg_shdepend,0,0,1245,229,0,0,0,0,0,0,107,122,408,1295,,,,
1416334226.81824,pg_catalog,pg_constraint,0,0,63,32,31,0,32,0,9,48,17,173,32,311,0,0,0,0
1416334226.81824,information_schema,sql_implementation_info,0,0,,,0,0,0,0,0,0,0,0,,,0,0,0,0
1416334226.81824,pg_catalog,pg_index,939,83923,82794,116984,167,0,175,0,135,51,1036,116820,579,94425,,,,
1416334226.81824,pg_catalog,pg_ts_dict,0,0,0,0,0,0,0,0,0,0,0,0,0,0,,,,
1416334226.81824,pg_toast,pg_toast_2604,0,0,0,0,0,0,0,0,0,0,0,0,0,0,,,,
1416334226.81824,pg_toast,pg_toast_12325,0,0,0,0,0,0,0,0,0,0,0,0,0,0,,,,
1416334226.81824,information_schema,sql_sizing,0,0,,,0,0,0,0,0,0,0,0,,,0,0,0,0
1416334226.81824,pg_catalog,pg_proc,0,0,63228,93723,0,0,0,0,0,0,5489,62531,2758,137400,0,0,0,0
1416334286.81979,pg_catalog,pg_attrdef,0,0,0,0,0,0,0,0,0,0,0,0,0,0,0,0,0,0
1416334286.81979,pg_catalog,pg_db_role_setting,0,0,30952,0,0,0,0,0,0,0,0,0,100,30852,0,0,0,0
1416334286.81979,pg_catalog,pg_rowsecurity,0,0,0,0,0,0,0,0,0,0,0,0,0,0,,,,
1416334286.81979,pg_catalog,pg_description,0,0,1016,0,0,0,0,0,0,0,0,0,288,1973,0,0,0,0
1416334286.81979,pg_catalog,pg_foreign_data_wrapper,0,0,0,0,0,0,0,0,0,0,0,0,0,0,,,,
1416334286.81979,pg_catalog,pg_conversion,0,0,0,0,0,0,0,0,0,0,0,0,0,0,,,,
1416334286.81979,pg_catalog,pg_class,2441,540600,173910,157575,396,126,404,122,329,0,2180,184427,1679,364178,,,,
1416334286.81979,pg_catalog,pg_opfamily,0,0,0,0,0,0,0,0,0,0,0,0,0,0,,,,
1416334286.81979,pg_catalog,pg_auth_members,0,0,0,0,0,0,0,0,0,0,0,0,0,0,,,,
1416334286.81979,pg_catalog,pg_operator,0,0,56025,296150,0,0,0,0,0,0,1657,204573,1409,121319,,,,
1416334286.81979,pg_toast,pg_toast_12345,0,0,0,0,0,0,0,0,0,0,0,0,0,0,,,,
1416334286.81979,pg_catalog,pg_attribute,539,3675,144377,327265,1454,38,1468,38,2500,242,5548,159035,1387,301515,,,,
1416334286.81979,pg_catalog,pg_tablespace,0,0,5126,5126,0,0,0,0,0,0,157,4969,324,9948,,,,
1416334286.81979,pg_catalog,pg_statistic,0,0,40727,39379,308,914,327,856,448,124,3959,38056,486,86964,9675,40343,375,35106
1416334286.81979,pg_catalog,pg_aggregate,0,0,3909,3909,0,0,0,0,0,0,287,3622,652,6155,,,,
1416334286.81979,pg_catalog,pg_inherits,0,0,229,0,0,0,0,0,0,0,0,0,100,129,,,,
1416334286.81979,pg_catalog,pg_enum,0,0,0,0,0,0,0,0,0,0,0,0,0,0,,,,
1416334286.81979,pg_toast,pg_toast_2396,0,0,0,0,0,0,0,0,0,0,0,0,0,0,,,,
1416334286.81979,pg_catalog,pg_pltemplate,0,0,0,0,0,0,0,0,0,0,0,0,0,0,,,,
1416334286.81979,pg_toast,pg_toast_2618,0,0,646,2062,0,0,0,0,0,0,384,407,112,930,,,,
1416334286.81979,pg_toast,pg_toast_3596,0,0,0,0,0,0,0,0,0,0,0,0,0,0,,,,
1416334286.81979,public,customer,6,9000000,0,0,1500000,0,0,0,1500000,0,68533,294857,0,0,,,,
1416334286.81979,public,region,2,10,0,0,5,0,0,0,5,0,1,3,0,0,,,,
1416334286.81979,pg_toast,pg_toast_2606,0,0,0,0,0,0,0,0,0,0,0,0,0,0,,,,
1416334286.81979,pg_toast,pg_toast_2964,0,0,0,0,0,0,0,0,0,0,0,0,0,0,,,,
1416334286.81979,pg_toast,pg_toast_12330,0,0,0,0,0,0,0,0,0,0,0,0,0,0,,,,
1416334286.81979,pg_catalog,pg_database,703,2722,25167,25167,0,0,0,0,0,0,79,25791,452,40176,,,,
1416334286.81979,information_schema,sql_sizing_profiles,0,0,,,0,0,0,0,0,0,0,0,,,0,0,0,0
1416334286.81979,pg_toast,pg_toast_2620,0,0,0,0,0,0,0,0,0,0,0,0,0,0,,,,
1416334286.81979,pg_catalog,pg_depend,0,0,9470,10186,1725,0,1746,0,6664,596,1641,12213,2406,24541,,,,
1416334286.81979,pg_catalog,pg_language,0,0,0,0,0,0,0,0,0,0,0,0,0,0,,,,
1416334286.81979,public,time_statistics,0,0,,,1,0,0,0,1,0,1,0,,,,,,
1416334286.81979,public,partsupp,3,24000000,0,0,8000000,0,0,0,8000000,0,340611,954509,0,0,,,,
1416334286.81979,pg_toast,pg_toast_12320,0,0,0,0,0,0,0,0,0,0,0,0,0,0,,,,
1416334286.81979,public,supplier,4,400000,0,0,100000,0,0,0,100000,0,2312,15648,0,0,,,,
1416334286.81979,pg_catalog,pg_amproc,98,196,31853,50202,0,0,0,0,0,0,165,31270,307,70851,,,,
1416334286.81979,public,part,6,12000000,0,0,2000000,0,0,0,2000000,0,79007,327715,0,0,,,,
1416334286.81979,public,orders,4,60000000,0,0,15000000,0,0,0,15000000,0,504554,1558780,0,0,,,,
1416334286.81979,pg_catalog,pg_collation,0,0,0,0,0,0,0,0,0,0,0,0,0,0,,,,
1416334286.81979,pg_catalog,pg_range,0,0,1767,0,0,0,0,0,0,0,0,0,660,2874,,,,
1416334286.81979,pg_toast,pg_toast_2609,0,0,0,0,0,0,0,0,0,0,0,0,0,0,,,,
1416334286.81979,pg_catalog,pg_opclass,98,98,43921,492691,0,0,0,0,0,0,350,195749,719,53681,,,,
1416334286.81979,information_schema,sql_packages,0,0,,,0,0,0,0,0,0,0,0,,,0,0,0,0
1416334286.81979,pg_catalog,pg_rewrite,0,0,1652,1274,126,0,126,0,110,26,865,1526,407,2415,384,407,224,1860
1416334286.81979,pg_toast,pg_toast_1255,0,0,0,0,0,0,0,0,0,0,0,0,0,0,,,,
1416334286.81979,pg_catalog,pg_seclabel,0,0,1016,0,0,0,0,0,0,0,0,0,94,922,0,0,0,0
1416334286.81979,pg_toast,pg_toast_12335,0,0,0,0,0,0,0,0,0,0,0,0,0,0,,,,
1416334286.81979,pg_catalog,pg_ts_parser,0,0,0,0,0,0,0,0,0,0,0,0,0,0,,,,
1416334286.81979,pg_catalog,pg_trigger,0,0,0,0,0,0,0,0,0,0,0,0,0,0,0,0,0,0
1416334286.81979,pg_toast,pg_toast_12340,0,0,0,0,0,0,0,0,0,0,0,0,0,0,,,,
1416334286.81979,pg_catalog,pg_shseclabel,0,0,0,0,0,0,0,0,0,0,0,0,0,0,,,,
1416334286.81979,pg_catalog,pg_event_trigger,0,0,373,0,0,0,0,0,0,0,0,0,107,266,,,,
1416334286.81979,information_schema,sql_features,0,0,,,0,0,0,0,0,0,0,0,,,0,0,0,0
1416334286.81979,information_schema,sql_languages,0,0,,,0,0,0,0,0,0,0,0,,,0,0,0,0
1416334286.81979,pg_catalog,pg_foreign_table,0,0,0,0,0,0,0,0,0,0,0,0,0,0,,,,
1416334286.81979,pg_catalog,pg_extension,0,0,0,0,0,0,0,0,0,0,0,0,0,0,,,,
1416334286.81979,pg_catalog,pg_ts_config,0,0,0,0,0,0,0,0,0,0,0,0,0,0,,,,
1416334286.81979,pg_catalog,pg_shdescription,0,0,0,0,0,0,0,0,0,0,0,0,0,0,0,0,0,0
1416334286.81979,pg_catalog,pg_cast,0,0,244104,57761,0,0,0,0,0,0,332,57429,214,250833,,,,
1416334286.81979,pg_catalog,pg_amop,0,0,65148,95083,0,0,0,0,0,0,501,94582,1088,137703,,,,
1416334286.81979,pg_catalog,pg_user_mapping,0,0,0,0,0,0,0,0,0,0,0,0,0,0,,,,
1416334286.81979,pg_toast,pg_toast_12315,0,0,0,0,0,0,0,0,0,0,0,0,0,0,,,,
1416334286.81979,pg_catalog,pg_type,0,0,172422,170710,454,0,454,0,360,115,1157,171572,1714,354312,,,,
1416334286.81979,pg_catalog,pg_largeobject,0,0,0,0,0,0,0,0,0,0,0,0,0,0,,,,
1416334286.81979,information_schema,sql_parts,0,0,,,0,0,0,0,0,0,0,0,,,0,0,0,0
1416334286.81979,pg_catalog,pg_ts_config_map,0,0,0,0,0,0,0,0,0,0,0,0,0,0,,,,
1416334286.81979,pg_catalog,pg_largeobject_metadata,0,0,0,0,0,0,0,0,0,0,0,0,0,0,,,,
1416334286.81979,pg_catalog,pg_am,7619,7619,0,0,0,0,0,0,0,0,116,7503,0,0,,,,
1416334286.81979,pg_catalog,pg_ts_template,0,0,0,0,0,0,0,0,0,0,0,0,0,0,,,,
1416334286.81979,pg_catalog,pg_foreign_server,0,0,0,0,0,0,0,0,0,0,0,0,0,0,,,,
1416334286.81979,pg_catalog,pg_namespace,270,22680,37731,30580,0,0,0,0,0,0,164,30956,490,44896,,,,
1416334286.81979,pg_toast,pg_toast_2619,0,0,30443,101900,1174,0,978,0,219,16,9675,40343,375,35106,,,,
1416334286.81979,pg_catalog,pg_authid,155,155,14395,14395,0,0,0,0,0,0,98,14452,462,28328,,,,
1416334286.81979,pg_catalog,pg_default_acl,0,0,916,0,0,0,0,0,0,0,0,0,96,820,,,,
1416334286.81979,public,nation,2,50,0,0,25,0,0,0,25,0,1,3,0,0,,,,
1416334286.81979,public,lineitem,0,0,,,0,0,0,0,0,0,0,0,,,,,,
1416334286.81979,pg_catalog,pg_shdepend,0,0,1245,229,0,0,0,0,0,0,107,122,408,1295,,,,
1416334286.81979,pg_catalog,pg_constraint,0,0,63,32,31,0,32,0,9,48,17,173,32,311,0,0,0,0
1416334286.81979,information_schema,sql_implementation_info,0,0,,,0,0,0,0,0,0,0,0,,,0,0,0,0
1416334286.81979,pg_catalog,pg_index,944,84598,82838,117041,167,0,175,0,135,51,1036,116899,579,94480,,,,
1416334286.81979,pg_catalog,pg_ts_dict,0,0,0,0,0,0,0,0,0,0,0,0,0,0,,,,
1416334286.81979,pg_toast,pg_toast_2604,0,0,0,0,0,0,0,0,0,0,0,0,0,0,,,,
1416334286.81979,pg_toast,pg_toast_12325,0,0,0,0,0,0,0,0,0,0,0,0,0,0,,,,
1416334286.81979,information_schema,sql_sizing,0,0,,,0,0,0,0,0,0,0,0,,,0,0,0,0
1416334286.81979,pg_catalog,pg_proc,0,0,63306,93836,0,0,0,0,0,0,5489,62629,2758,137566,0,0,0,0
1416334346.82398,pg_catalog,pg_attrdef,0,0,0,0,0,0,0,0,0,0,0,0,0,0,0,0,0,0
1416334346.82398,pg_catalog,pg_db_role_setting,0,0,30980,0,0,0,0,0,0,0,0,0,100,30880,0,0,0,0
1416334346.82398,pg_catalog,pg_rowsecurity,0,0,0,0,0,0,0,0,0,0,0,0,0,0,,,,
1416334346.82398,pg_catalog,pg_description,0,0,1016,0,0,0,0,0,0,0,0,0,288,1973,0,0,0,0
1416334346.82398,pg_catalog,pg_foreign_data_wrapper,0,0,0,0,0,0,0,0,0,0,0,0,0,0,,,,
1416334346.82398,pg_catalog,pg_conversion,0,0,0,0,0,0,0,0,0,0,0,0,0,0,,,,
1416334346.82398,pg_catalog,pg_class,2451,543578,174236,157901,396,126,404,122,329,0,2180,184884,1679,364845,,,,
1416334346.82398,pg_catalog,pg_opfamily,0,0,0,0,0,0,0,0,0,0,0,0,0,0,,,,
1416334346.82398,pg_catalog,pg_auth_members,0,0,0,0,0,0,0,0,0,0,0,0,0,0,,,,
1416334346.82398,pg_catalog,pg_operator,0,0,56041,296166,0,0,0,0,0,0,1657,204589,1409,121358,,,,
1416334346.82398,pg_toast,pg_toast_12345,0,0,0,0,0,0,0,0,0,0,0,0,0,0,,,,
1416334346.82398,pg_catalog,pg_attribute,539,3675,144565,327565,1454,38,1468,38,2500,242,5548,159230,1387,301897,,,,
1416334346.82398,pg_catalog,pg_tablespace,0,0,5131,5131,0,0,0,0,0,0,157,4974,324,9958,,,,
1416334346.82398,pg_catalog,pg_statistic,0,0,40748,39396,308,914,327,856,448,124,3959,38073,486,87010,9675,40346,375,35112
1416334346.82398,pg_catalog,pg_aggregate,0,0,3910,3910,0,0,0,0,0,0,287,3623,652,6157,,,,
1416334346.82398,pg_catalog,pg_inherits,0,0,229,0,0,0,0,0,0,0,0,0,100,129,,,,
1416334346.82398,pg_catalog,pg_enum,0,0,0,0,0,0,0,0,0,0,0,0,0,0,,,,
1416334346.82398,pg_toast,pg_toast_2396,0,0,0,0,0,0,0,0,0,0,0,0,0,0,,,,
1416334346.82398,pg_catalog,pg_pltemplate,0,0,0,0,0,0,0,0,0,0,0,0,0,0,,,,
1416334346.82398,pg_toast,pg_toast_2618,0,0,650,2076,0,0,0,0,0,0,384,412,112,936,,,,
1416334346.82398,pg_toast,pg_toast_3596,0,0,0,0,0,0,0,0,0,0,0,0,0,0,,,,
1416334346.82398,public,customer,6,9000000,0,0,1500000,0,0,0,1500000,0,68533,294857,0,0,,,,
1416334346.82398,public,region,2,10,0,0,5,0,0,0,5,0,1,3,0,0,,,,
1416334346.82398,pg_toast,pg_toast_2606,0,0,0,0,0,0,0,0,0,0,0,0,0,0,,,,
1416334346.82398,pg_toast,pg_toast_2964,0,0,0,0,0,0,0,0,0,0,0,0,0,0,,,,
1416334346.82398,pg_toast,pg_toast_12330,0,0,0,0,0,0,0,0,0,0,0,0,0,0,,,,
1416334346.82398,pg_catalog,pg_database,706,2734,25196,25196,0,0,0,0,0,0,79,25823,452,40219,,,,
1416334346.82398,information_schema,sql_sizing_profiles,0,0,,,0,0,0,0,0,0,0,0,,,0,0,0,0
1416334346.82398,pg_toast,pg_toast_2620,0,0,0,0,0,0,0,0,0,0,0,0,0,0,,,,
1416334346.82398,pg_catalog,pg_depend,0,0,9470,10186,1725,0,1746,0,6664,596,1641,12213,2406,24541,,,,
1416334346.82398,pg_catalog,pg_language,0,0,0,0,0,0,0,0,0,0,0,0,0,0,,,,
1416334346.82398,public,time_statistics,0,0,,,1,0,0,0,1,0,1,0,,,,,,
1416334346.82398,public,partsupp,3,24000000,0,0,8000000,0,0,0,8000000,0,340611,954509,0,0,,,,
1416334346.82398,pg_toast,pg_toast_12320,0,0,0,0,0,0,0,0,0,0,0,0,0,0,,,,
1416334346.82398,public,supplier,4,400000,0,0,100000,0,0,0,100000,0,2312,15648,0,0,,,,
1416334346.82398,pg_catalog,pg_amproc,98,196,31868,50226,0,0,0,0,0,0,165,31285,307,70887,,,,
1416334346.82398,public,part,6,12000000,0,0,2000000,0,0,0,2000000,0,79007,327715,0,0,,,,
1416334346.82398,public,orders,4,60000000,0,0,15000000,0,0,0,15000000,0,504554,1558780,0,0,,,,
1416334346.82398,pg_catalog,pg_collation,0,0,0,0,0,0,0,0,0,0,0,0,0,0,,,,
1416334346.82398,pg_catalog,pg_range,0,0,1767,0,0,0,0,0,0,0,0,0,660,2874,,,,
1416334346.82398,pg_toast,pg_toast_2609,0,0,0,0,0,0,0,0,0,0,0,0,0,0,,,,
1416334346.82398,pg_catalog,pg_opclass,98,98,43938,492875,0,0,0,0,0,0,350,195818,719,53707,,,,
1416334346.82398,information_schema,sql_packages,0,0,,,0,0,0,0,0,0,0,0,,,0,0,0,0
1416334346.82398,pg_catalog,pg_rewrite,0,0,1658,1280,126,0,126,0,110,26,865,1532,407,2425,384,412,224,1872
1416334346.82398,pg_toast,pg_toast_1255,0,0,0,0,0,0,0,0,0,0,0,0,0,0,,,,
1416334346.82398,pg_catalog,pg_seclabel,0,0,1016,0,0,0,0,0,0,0,0,0,94,922,0,0,0,0
1416334346.82398,pg_toast,pg_toast_12335,0,0,0,0,0,0,0,0,0,0,0,0,0,0,,,,
1416334346.82398,pg_catalog,pg_ts_parser,0,0,0,0,0,0,0,0,0,0,0,0,0,0,,,,
1416334346.82398,pg_catalog,pg_trigger,0,0,0,0,0,0,0,0,0,0,0,0,0,0,0,0,0,0
1416334346.82398,pg_toast,pg_toast_12340,0,0,0,0,0,0,0,0,0,0,0,0,0,0,,,,
1416334346.82398,pg_catalog,pg_shseclabel,0,0,0,0,0,0,0,0,0,0,0,0,0,0,,,,
1416334346.82398,pg_catalog,pg_event_trigger,0,0,373,0,0,0,0,0,0,0,0,0,107,266,,,,
1416334346.82398,information_schema,sql_features,0,0,,,0,0,0,0,0,0,0,0,,,0,0,0,0
1416334346.82398,information_schema,sql_languages,0,0,,,0,0,0,0,0,0,0,0,,,0,0,0,0
1416334346.82398,pg_catalog,pg_foreign_table,0,0,0,0,0,0,0,0,0,0,0,0,0,0,,,,
1416334346.82398,pg_catalog,pg_extension,0,0,0,0,0,0,0,0,0,0,0,0,0,0,,,,
1416334346.82398,pg_catalog,pg_ts_config,0,0,0,0,0,0,0,0,0,0,0,0,0,0,,,,
1416334346.82398,pg_catalog,pg_shdescription,0,0,0,0,0,0,0,0,0,0,0,0,0,0,0,0,0,0
1416334346.82398,pg_catalog,pg_cast,0,0,244166,57784,0,0,0,0,0,0,332,57452,214,250899,,,,
1416334346.82398,pg_catalog,pg_amop,0,0,65175,95116,0,0,0,0,0,0,501,94615,1088,137763,,,,
1416334346.82398,pg_catalog,pg_user_mapping,0,0,0,0,0,0,0,0,0,0,0,0,0,0,,,,
1416334346.82398,pg_toast,pg_toast_12315,0,0,0,0,0,0,0,0,0,0,0,0,0,0,,,,
1416334346.82398,pg_catalog,pg_type,0,0,172498,170786,454,0,454,0,360,115,1157,171648,1714,354468,,,,
1416334346.82398,pg_catalog,pg_largeobject,0,0,0,0,0,0,0,0,0,0,0,0,0,0,,,,
1416334346.82398,information_schema,sql_parts,0,0,,,0,0,0,0,0,0,0,0,,,0,0,0,0
1416334346.82398,pg_catalog,pg_ts_config_map,0,0,0,0,0,0,0,0,0,0,0,0,0,0,,,,
1416334346.82398,pg_catalog,pg_largeobject_metadata,0,0,0,0,0,0,0,0,0,0,0,0,0,0,,,,
1416334346.82398,pg_catalog,pg_am,7625,7625,0,0,0,0,0,0,0,0,116,7509,0,0,,,,
1416334346.82398,pg_catalog,pg_ts_template,0,0,0,0,0,0,0,0,0,0,0,0,0,0,,,,
1416334346.82398,pg_catalog,pg_foreign_server,0,0,0,0,0,0,0,0,0,0,0,0,0,0,,,,
1416334346.82398,pg_catalog,pg_namespace,272,22848,37878,30723,0,0,0,0,0,0,164,31103,490,45049,,,,
1416334346.82398,pg_toast,pg_toast_2619,0,0,30446,101906,1174,0,978,0,219,16,9675,40346,375,35112,,,,
1416334346.82398,pg_catalog,pg_authid,156,156,14405,14405,0,0,0,0,0,0,98,14463,462,28348,,,,
1416334346.82398,pg_catalog,pg_default_acl,0,0,916,0,0,0,0,0,0,0,0,0,96,820,,,,
1416334346.82398,public,nation,2,50,0,0,25,0,0,0,25,0,1,3,0,0,,,,
1416334346.82398,public,lineitem,0,0,,,0,0,0,0,0,0,0,0,,,,,,
1416334346.82398,pg_catalog,pg_shdepend,0,0,1245,229,0,0,0,0,0,0,107,122,408,1295,,,,
1416334346.82398,pg_catalog,pg_constraint,0,0,63,32,31,0,32,0,9,48,17,173,32,311,0,0,0,0
1416334346.82398,information_schema,sql_implementation_info,0,0,,,0,0,0,0,0,0,0,0,,,0,0,0,0
1416334346.82398,pg_catalog,pg_index,949,85273,82877,117091,167,0,175,0,135,51,1036,116973,579,94529,,,,
1416334346.82398,pg_catalog,pg_ts_dict,0,0,0,0,0,0,0,0,0,0,0,0,0,0,,,,
1416334346.82398,pg_toast,pg_toast_2604,0,0,0,0,0,0,0,0,0,0,0,0,0,0,,,,
1416334346.82398,pg_toast,pg_toast_12325,0,0,0,0,0,0,0,0,0,0,0,0,0,0,,,,
1416334346.82398,information_schema,sql_sizing,0,0,,,0,0,0,0,0,0,0,0,,,0,0,0,0
1416334346.82398,pg_catalog,pg_proc,0,0,63378,93936,0,0,0,0,0,0,5489,62717,2758,137718,0,0,0,0
1416334406.82694,pg_catalog,pg_attrdef,0,0,0,0,0,0,0,0,0,0,0,0,0,0,0,0,0,0
1416334406.82694,pg_catalog,pg_db_role_setting,0,0,31008,0,0,0,0,0,0,0,0,0,100,30908,0,0,0,0
1416334406.82694,pg_catalog,pg_rowsecurity,0,0,0,0,0,0,0,0,0,0,0,0,0,0,,,,
1416334406.82694,pg_catalog,pg_description,0,0,1016,0,0,0,0,0,0,0,0,0,288,1973,0,0,0,0
1416334406.82694,pg_catalog,pg_foreign_data_wrapper,0,0,0,0,0,0,0,0,0,0,0,0,0,0,,,,
1416334406.82694,pg_catalog,pg_conversion,0,0,0,0,0,0,0,0,0,0,0,0,0,0,,,,
1416334406.82694,pg_catalog,pg_class,2461,546556,174570,158235,396,126,404,122,329,0,2180,185349,1679,365529,,,,
1416334406.82694,pg_catalog,pg_opfamily,0,0,0,0,0,0,0,0,0,0,0,0,0,0,,,,
1416334406.82694,pg_catalog,pg_auth_members,0,0,0,0,0,0,0,0,0,0,0,0,0,0,,,,
1416334406.82694,pg_catalog,pg_operator,0,0,56058,296183,0,0,0,0,0,0,1657,204606,1409,121400,,,,
1416334406.82694,pg_toast,pg_toast_12345,0,0,0,0,0,0,0,0,0,0,0,0,0,0,,,,
1416334406.82694,pg_catalog,pg_attribute,539,3675,144771,327903,1454,38,1468,38,2500,242,5548,159443,1387,302317,,,,
1416334406.82694,pg_catalog,pg_tablespace,0,0,5136,5136,0,0,0,0,0,0,157,4979,324,9968,,,,
1416334406.82694,pg_catalog,pg_statistic,0,0,40773,39415,308,914,327,856,448,124,3959,38092,486,87065,9675,40349,375,35118
1416334406.82694,pg_catalog,pg_aggregate,0,0,3911,3911,0,0,0,0,0,0,287,3624,652,6159,,,,
1416334406.82694,pg_catalog,pg_inherits,0,0,229,0,0,0,0,0,0,0,0,0,100,129,,,,
1416334406.82694,pg_catalog,pg_enum,0,0,0,0,0,0,0,0,0,0,0,0,0,0,,,,
1416334406.82694,pg_toast,pg_toast_2396,0,0,0,0,0,0,0,0,0,0,0,0,0,0,,,,
1416334406.82694,pg_catalog,pg_pltemplate,0,0,0,0,0,0,0,0,0,0,0,0,0,0,,,,
1416334406.82694,pg_toast,pg_toast_2618,0,0,655,2092,0,0,0,0,0,0,384,418,112,944,,,,
1416334406.82694,pg_toast,pg_toast_3596,0,0,0,0,0,0,0,0,0,0,0,0,0,0,,,,
1416334406.82694,public,customer,6,9000000,0,0,1500000,0,0,0,1500000,0,68533,294857,0,0,,,,
1416334406.82694,public,region,2,10,0,0,5,0,0,0,5,0,1,3,0,0,,,,
1416334406.82694,pg_toast,pg_toast_2606,0,0,0,0,0,0,0,0,0,0,0,0,0,0,,,,
1416334406.82694,pg_toast,pg_toast_2964,0,0,0,0,0,0,0,0,0,0,0,0,0,0,,,,
1416334406.82694,pg_toast,pg_toast_12330,0,0,0,0,0,0,0,0,0,0,0,0,0,0,,,,
1416334406.82694,pg_catalog,pg_database,709,2746,25225,25225,0,0,0,0,0,0,79,25855,452,40262,,,,
1416334406.82694,information_schema,sql_sizing_profiles,0,0,,,0,0,0,0,0,0,0,0,,,0,0,0,0
1416334406.82694,pg_toast,pg_toast_2620,0,0,0,0,0,0,0,0,0,0,0,0,0,0,,,,
1416334406.82694,pg_catalog,pg_depend,0,0,9470,10186,1725,0,1746,0,6664,596,1641,12213,2406,24541,,,,
1416334406.82694,pg_catalog,pg_language,0,0,0,0,0,0,0,0,0,0,0,0,0,0,,,,
1416334406.82694,public,time_statistics,0,0,,,1,0,0,0,1,0,1,0,,,,,,
1416334406.82694,public,partsupp,3,24000000,0,0,8000000,0,0,0,8000000,0,340611,954509,0,0,,,,
1416334406.82694,pg_toast,pg_toast_12320,0,0,0,0,0,0,0,0,0,0,0,0,0,0,,,,
1416334406.82694,public,supplier,4,400000,0,0,100000,0,0,0,100000,0,2312,15648,0,0,,,,
1416334406.82694,pg_catalog,pg_amproc,98,196,31885,50253,0,0,0,0,0,0,165,31302,307,70927,,,,
1416334406.82694,public,part,6,12000000,0,0,2000000,0,0,0,2000000,0,79007,327715,0,0,,,,
1416334406.82694,public,orders,4,60000000,0,0,15000000,0,0,0,15000000,0,504554,1558780,0,0,,,,
1416334406.82694,pg_catalog,pg_collation,0,0,0,0,0,0,0,0,0,0,0,0,0,0,,,,
1416334406.82694,pg_catalog,pg_range,0,0,1767,0,0,0,0,0,0,0,0,0,660,2874,,,,
1416334406.82694,pg_toast,pg_toast_2609,0,0,0,0,0,0,0,0,0,0,0,0,0,0,,,,
1416334406.82694,pg_catalog,pg_opclass,98,98,43956,493060,0,0,0,0,0,0,350,195888,719,53734,,,,
1416334406.82694,information_schema,sql_packages,0,0,,,0,0,0,0,0,0,0,0,,,0,0,0,0
1416334406.82694,pg_catalog,pg_rewrite,0,0,1665,1287,126,0,126,0,110,26,865,1539,407,2437,384,418,224,1888
1416334406.82694,pg_toast,pg_toast_1255,0,0,0,0,0,0,0,0,0,0,0,0,0,0,,,,
1416334406.82694,pg_catalog,pg_seclabel,0,0,1016,0,0,0,0,0,0,0,0,0,94,922,0,0,0,0
1416334406.82694,pg_toast,pg_toast_12335,0,0,0,0,0,0,0,0,0,0,0,0,0,0,,,,
1416334406.82694,pg_catalog,pg_ts_parser,0,0,0,0,0,0,0,0,0,0,0,0,0,0,,,,
1416334406.82694,pg_catalog,pg_trigger,0,0,0,0,0,0,0,0,0,0,0,0,0,0,0,0,0,0
1416334406.82694,pg_toast,pg_toast_12340,0,0,0,0,0,0,0,0,0,0,0,0,0,0,,,,
1416334406.82694,pg_catalog,pg_shseclabel,0,0,0,0,0,0,0,0,0,0,0,0,0,0,,,,
1416334406.82694,pg_catalog,pg_event_trigger,0,0,373,0,0,0,0,0,0,0,0,0,107,266,,,,
1416334406.82694,information_schema,sql_features,0,0,,,0,0,0,0,0,0,0,0,,,0,0,0,0
1416334406.82694,information_schema,sql_languages,0,0,,,0,0,0,0,0,0,0,0,,,0,0,0,0
1416334406.82694,pg_catalog,pg_foreign_table,0,0,0,0,0,0,0,0,0,0,0,0,0,0,,,,
1416334406.82694,pg_catalog,pg_extension,0,0,0,0,0,0,0,0,0,0,0,0,0,0,,,,
1416334406.82694,pg_catalog,pg_ts_config,0,0,0,0,0,0,0,0,0,0,0,0,0,0,,,,
1416334406.82694,pg_catalog,pg_shdescription,0,0,0,0,0,0,0,0,0,0,0,0,0,0,0,0,0,0
1416334406.82694,pg_catalog,pg_cast,0,0,244235,57812,0,0,0,0,0,0,332,57480,214,250973,,,,
1416334406.82694,pg_catalog,pg_amop,0,0,65208,95157,0,0,0,0,0,0,501,94656,1088,137837,,,,
1416334406.82694,pg_catalog,pg_user_mapping,0,0,0,0,0,0,0,0,0,0,0,0,0,0,,,,
1416334406.82694,pg_toast,pg_toast_12315,0,0,0,0,0,0,0,0,0,0,0,0,0,0,,,,
1416334406.82694,pg_catalog,pg_type,0,0,172590,170878,454,0,454,0,360,115,1157,171740,1714,354657,,,,
1416334406.82694,pg_catalog,pg_largeobject,0,0,0,0,0,0,0,0,0,0,0,0,0,0,,,,
1416334406.82694,information_schema,sql_parts,0,0,,,0,0,0,0,0,0,0,0,,,0,0,0,0
1416334406.82694,pg_catalog,pg_ts_config_map,0,0,0,0,0,0,0,0,0,0,0,0,0,0,,,,
1416334406.82694,pg_catalog,pg_largeobject_metadata,0,0,0,0,0,0,0,0,0,0,0,0,0,0,,,,
1416334406.82694,pg_catalog,pg_am,7631,7631,0,0,0,0,0,0,0,0,116,7515,0,0,,,,
1416334406.82694,pg_catalog,pg_ts_template,0,0,0,0,0,0,0,0,0,0,0,0,0,0,,,,
1416334406.82694,pg_catalog,pg_foreign_server,0,0,0,0,0,0,0,0,0,0,0,0,0,0,,,,
1416334406.82694,pg_catalog,pg_namespace,274,23016,38028,30868,0,0,0,0,0,0,164,31252,490,45206,,,,
1416334406.82694,pg_toast,pg_toast_2619,0,0,30449,101912,1174,0,978,0,219,16,9675,40349,375,35118,,,,
1416334406.82694,pg_catalog,pg_authid,157,157,14415,14415,0,0,0,0,0,0,98,14474,462,28368,,,,
1416334406.82694,pg_catalog,pg_default_acl,0,0,916,0,0,0,0,0,0,0,0,0,96,820,,,,
1416334406.82694,public,nation,2,50,0,0,25,0,0,0,25,0,1,3,0,0,,,,
1416334406.82694,public,lineitem,0,0,,,0,0,0,0,0,0,0,0,,,,,,
1416334406.82694,pg_catalog,pg_shdepend,0,0,1245,229,0,0,0,0,0,0,107,122,408,1295,,,,
1416334406.82694,pg_catalog,pg_constraint,0,0,63,32,31,0,32,0,9,48,17,173,32,311,0,0,0,0
1416334406.82694,information_schema,sql_implementation_info,0,0,,,0,0,0,0,0,0,0,0,,,0,0,0,0
1416334406.82694,pg_catalog,pg_index,954,85948,82921,117148,167,0,175,0,135,51,1036,117052,579,94584,,,,
1416334406.82694,pg_catalog,pg_ts_dict,0,0,0,0,0,0,0,0,0,0,0,0,0,0,,,,
1416334406.82694,pg_toast,pg_toast_2604,0,0,0,0,0,0,0,0,0,0,0,0,0,0,,,,
1416334406.82694,pg_toast,pg_toast_12325,0,0,0,0,0,0,0,0,0,0,0,0,0,0,,,,
1416334406.82694,information_schema,sql_sizing,0,0,,,0,0,0,0,0,0,0,0,,,0,0,0,0
1416334406.82694,pg_catalog,pg_proc,0,0,63456,94049,0,0,0,0,0,0,5489,62815,2758,137884,0,0,0,0
1416334466.82792,pg_catalog,pg_attrdef,0,0,0,0,0,0,0,0,0,0,0,0,0,0,0,0,0,0
1416334466.82792,pg_catalog,pg_db_role_setting,0,0,31068,0,0,0,0,0,0,0,0,0,100,30968,0,0,0,0
1416334466.82792,pg_catalog,pg_rowsecurity,0,0,0,0,0,0,0,0,0,0,0,0,0,0,,,,
1416334466.82792,pg_catalog,pg_description,0,0,1016,0,0,0,0,0,0,0,0,0,288,1973,0,0,0,0
1416334466.82792,pg_catalog,pg_foreign_data_wrapper,0,0,0,0,0,0,0,0,0,0,0,0,0,0,,,,
1416334466.82792,pg_catalog,pg_conversion,0,0,0,0,0,0,0,0,0,0,0,0,0,0,,,,
1416334466.82792,pg_catalog,pg_class,2471,549534,174925,158589,396,126,404,122,329,0,2180,185834,1679,366264,,,,
1416334466.82792,pg_catalog,pg_opfamily,0,0,0,0,0,0,0,0,0,0,0,0,0,0,,,,
1416334466.82792,pg_catalog,pg_auth_members,0,0,0,0,0,0,0,0,0,0,0,0,0,0,,,,
1416334466.82792,pg_catalog,pg_operator,0,0,56075,296200,0,0,0,0,0,0,1657,204623,1409,121442,,,,
1416334466.82792,pg_toast,pg_toast_12345,0,0,0,0,0,0,0,0,0,0,0,0,0,0,,,,
1416334466.82792,pg_catalog,pg_attribute,539,3675,144994,328297,1454,38,1468,38,2500,242,5548,159681,1387,302779,,,,
1416334466.82792,pg_catalog,pg_tablespace,0,0,5141,5141,0,0,0,0,0,0,157,4984,324,9978,,,,
1416334466.82792,pg_catalog,pg_statistic,0,0,40798,39434,308,914,327,856,448,124,3959,38111,486,87120,9675,40352,375,35124
1416334466.82792,pg_catalog,pg_aggregate,0,0,3912,3912,0,0,0,0,0,0,287,3625,652,6161,,,,
1416334466.82792,pg_catalog,pg_inherits,0,0,229,0,0,0,0,0,0,0,0,0,100,129,,,,
1416334466.82792,pg_catalog,pg_enum,0,0,0,0,0,0,0,0,0,0,0,0,0,0,,,,
1416334466.82792,pg_toast,pg_toast_2396,0,0,0,0,0,0,0,0,0,0,0,0,0,0,,,,
1416334466.82792,pg_catalog,pg_pltemplate,0,0,0,0,0,0,0,0,0,0,0,0,0,0,,,,
1416334466.82792,pg_toast,pg_toast_2618,0,0,660,2108,0,0,0,0,0,0,384,424,112,952,,,,
1416334466.82792,pg_toast,pg_toast_3596,0,0,0,0,0,0,0,0,0,0,0,0,0,0,,,,
1416334466.82792,public,customer,6,9000000,0,0,1500000,0,0,0,1500000,0,68533,294857,0,0,,,,
1416334466.82792,public,region,2,10,0,0,5,0,0,0,5,0,1,3,0,0,,,,
1416334466.82792,pg_toast,pg_toast_2606,0,0,0,0,0,0,0,0,0,0,0,0,0,0,,,,
1416334466.82792,pg_toast,pg_toast_2964,0,0,0,0,0,0,0,0,0,0,0,0,0,0,,,,
1416334466.82792,pg_toast,pg_toast_12330,0,0,0,0,0,0,0,0,0,0,0,0,0,0,,,,
1416334466.82792,pg_catalog,pg_database,712,2758,25278,25278,0,0,0,0,0,0,79,25911,452,40345,,,,
1416334466.82792,information_schema,sql_sizing_profiles,0,0,,,0,0,0,0,0,0,0,0,,,0,0,0,0
1416334466.82792,pg_toast,pg_toast_2620,0,0,0,0,0,0,0,0,0,0,0,0,0,0,,,,
1416334466.82792,pg_catalog,pg_depend,0,0,9470,10186,1725,0,1746,0,6664,596,1641,12213,2406,24541,,,,
1416334466.82792,pg_catalog,pg_language,0,0,0,0,0,0,0,0,0,0,0,0,0,0,,,,
1416334466.82792,public,time_statistics,0,0,,,1,0,0,0,1,0,1,0,,,,,,
1416334466.82792,public,partsupp,3,24000000,0,0,8000000,0,0,0,8000000,0,340611,954509,0,0,,,,
1416334466.82792,pg_toast,pg_toast_12320,0,0,0,0,0,0,0,0,0,0,0,0,0,0,,,,
1416334466.82792,public,supplier,4,400000,0,0,100000,0,0,0,100000,0,2312,15648,0,0,,,,
1416334466.82792,pg_catalog,pg_amproc,98,196,31910,50296,0,0,0,0,0,0,165,31327,307,70991,,,,
1416334466.82792,public,part,6,12000000,0,0,2000000,0,0,0,2000000,0,79007,327715,0,0,,,,
1416334466.82792,public,orders,4,60000000,0,0,15000000,0,0,0,15000000,0,504554,1558780,0,0,,,,
1416334466.82792,pg_catalog,pg_collation,0,0,0,0,0,0,0,0,0,0,0,0,0,0,,,,
1416334466.82792,pg_catalog,pg_range,0,0,1767,0,0,0,0,0,0,0,0,0,660,2874,,,,
1416334466.82792,pg_toast,pg_toast_2609,0,0,0,0,0,0,0,0,0,0,0,0,0,0,,,,
1416334466.82792,pg_catalog,pg_opclass,98,98,43982,493253,0,0,0,0,0,0,350,195966,719,53777,,,,
1416334466.82792,information_schema,sql_packages,0,0,,,0,0,0,0,0,0,0,0,,,0,0,0,0
1416334466.82792,pg_catalog,pg_rewrite,0,0,1672,1294,126,0,126,0,110,26,865,1546,407,2449,384,424,224,1904
1416334466.82792,pg_toast,pg_toast_1255,0,0,0,0,0,0,0,0,0,0,0,0,0,0,,,,
1416334466.82792,pg_catalog,pg_seclabel,0,0,1016,0,0,0,0,0,0,0,0,0,94,922,0,0,0,0
1416334466.82792,pg_toast,pg_toast_12335,0,0,0,0,0,0,0,0,0,0,0,0,0,0,,,,
1416334466.82792,pg_catalog,pg_ts_parser,0,0,0,0,0,0,0,0,0,0,0,0,0,0,,,,
1416334466.82792,pg_catalog,pg_trigger,0,0,0,0,0,0,0,0,0,0,0,0,0,0,0,0,0,0
1416334466.82792,pg_toast,pg_toast_12340,0,0,0,0,0,0,0,0,0,0,0,0,0,0,,,,
1416334466.82792,pg_catalog,pg_shseclabel,0,0,0,0,0,0,0,0,0,0,0,0,0,0,,,,
1416334466.82792,pg_catalog,pg_event_trigger,0,0,373,0,0,0,0,0,0,0,0,0,107,266,,,,
1416334466.82792,information_schema,sql_features,0,0,,,0,0,0,0,0,0,0,0,,,0,0,0,0
1416334466.82792,information_schema,sql_languages,0,0,,,0,0,0,0,0,0,0,0,,,0,0,0,0
1416334466.82792,pg_catalog,pg_foreign_table,0,0,0,0,0,0,0,0,0,0,0,0,0,0,,,,
1416334466.82792,pg_catalog,pg_extension,0,0,0,0,0,0,0,0,0,0,0,0,0,0,,,,
1416334466.82792,pg_catalog,pg_ts_config,0,0,0,0,0,0,0,0,0,0,0,0,0,0,,,,
1416334466.82792,pg_catalog,pg_shdescription,0,0,0,0,0,0,0,0,0,0,0,0,0,0,0,0,0,0
1416334466.82792,pg_catalog,pg_cast,0,0,244304,57840,0,0,0,0,0,0,332,57508,214,251047,,,,
1416334466.82792,pg_catalog,pg_amop,0,0,65241,95198,0,0,0,0,0,0,501,94697,1088,137911,,,,
1416334466.82792,pg_catalog,pg_user_mapping,0,0,0,0,0,0,0,0,0,0,0,0,0,0,,,,
1416334466.82792,pg_toast,pg_toast_12315,0,0,0,0,0,0,0,0,0,0,0,0,0,0,,,,
1416334466.82792,pg_catalog,pg_type,0,0,172687,170975,454,0,454,0,360,115,1157,171837,1714,354857,,,,
1416334466.82792,pg_catalog,pg_largeobject,0,0,0,0,0,0,0,0,0,0,0,0,0,0,,,,
1416334466.82792,information_schema,sql_parts,0,0,,,0,0,0,0,0,0,0,0,,,0,0,0,0
1416334466.82792,pg_catalog,pg_ts_config_map,0,0,0,0,0,0,0,0,0,0,0,0,0,0,,,,
1416334466.82792,pg_catalog,pg_largeobject_metadata,0,0,0,0,0,0,0,0,0,0,0,0,0,0,,,,
1416334466.82792,pg_catalog,pg_am,7645,7645,0,0,0,0,0,0,0,0,116,7529,0,0,,,,
1416334466.82792,pg_catalog,pg_ts_template,0,0,0,0,0,0,0,0,0,0,0,0,0,0,,,,
1416334466.82792,pg_catalog,pg_foreign_server,0,0,0,0,0,0,0,0,0,0,0,0,0,0,,,,
1416334466.82792,pg_catalog,pg_namespace,276,23184,38181,31015,0,0,0,0,0,0,164,31403,490,45368,,,,
1416334466.82792,pg_toast,pg_toast_2619,0,0,30452,101918,1174,0,978,0,219,16,9675,40352,375,35124,,,,
1416334466.82792,pg_catalog,pg_authid,158,158,14441,14441,0,0,0,0,0,0,98,14501,462,28420,,,,
1416334466.82792,pg_catalog,pg_default_acl,0,0,916,0,0,0,0,0,0,0,0,0,96,820,,,,
1416334466.82792,public,nation,2,50,0,0,25,0,0,0,25,0,1,3,0,0,,,,
1416334466.82792,public,lineitem,0,0,,,59986052,0,0,0,59986052,0,1065680,2307885,,,,,,
1416334466.82792,pg_catalog,pg_shdepend,0,0,1245,229,0,0,0,0,0,0,107,122,408,1295,,,,
1416334466.82792,pg_catalog,pg_constraint,0,0,63,32,31,0,32,0,9,48,17,173,32,311,0,0,0,0
1416334466.82792,information_schema,sql_implementation_info,0,0,,,0,0,0,0,0,0,0,0,,,0,0,0,0
1416334466.82792,pg_catalog,pg_index,959,86623,82973,117213,167,0,175,0,135,51,1036,117139,579,94655,,,,
1416334466.82792,pg_catalog,pg_ts_dict,0,0,0,0,0,0,0,0,0,0,0,0,0,0,,,,
1416334466.82792,pg_toast,pg_toast_2604,0,0,0,0,0,0,0,0,0,0,0,0,0,0,,,,
1416334466.82792,pg_toast,pg_toast_12325,0,0,0,0,0,0,0,0,0,0,0,0,0,0,,,,
1416334466.82792,information_schema,sql_sizing,0,0,,,0,0,0,0,0,0,0,0,,,0,0,0,0
1416334466.82792,pg_catalog,pg_proc,0,0,63534,94162,0,0,0,0,0,0,5489,62913,2758,138050,0,0,0,0
1416334526.83001,pg_catalog,pg_attrdef,0,0,0,0,0,0,0,0,0,0,0,0,0,0,0,0,0,0
1416334526.83001,pg_catalog,pg_db_role_setting,0,0,31096,0,0,0,0,0,0,0,0,0,100,30996,0,0,0,0
1416334526.83001,pg_catalog,pg_rowsecurity,0,0,0,0,0,0,0,0,0,0,0,0,0,0,,,,
1416334526.83001,pg_catalog,pg_description,0,0,1016,0,0,0,0,0,0,0,0,0,288,1973,0,0,0,0
1416334526.83001,pg_catalog,pg_foreign_data_wrapper,0,0,0,0,0,0,0,0,0,0,0,0,0,0,,,,
1416334526.83001,pg_catalog,pg_conversion,0,0,0,0,0,0,0,0,0,0,0,0,0,0,,,,
1416334526.83001,pg_catalog,pg_class,2481,552518,175329,158981,400,126,404,122,333,0,2180,186378,1679,367120,,,,
1416334526.83001,pg_catalog,pg_opfamily,0,0,0,0,0,0,0,0,0,0,0,0,0,0,,,,
1416334526.83001,pg_catalog,pg_auth_members,0,0,0,0,0,0,0,0,0,0,0,0,0,0,,,,
1416334526.83001,pg_catalog,pg_operator,0,0,56098,296223,0,0,0,0,0,0,1657,204646,1409,121502,,,,
1416334526.83001,pg_toast,pg_toast_12345,0,0,0,0,0,0,0,0,0,0,0,0,0,0,,,,
1416334526.83001,pg_catalog,pg_attribute,539,3675,145248,328937,1458,38,1468,38,2504,242,5548,159962,1387,303315,,,,
1416334526.83001,pg_catalog,pg_tablespace,0,0,5146,5146,0,0,0,0,0,0,157,4989,324,9988,,,,
1416334526.83001,pg_catalog,pg_statistic,0,0,40823,39453,308,914,327,856,448,99,3959,38130,486,87175,9675,40355,375,35130
1416334526.83001,pg_catalog,pg_aggregate,0,0,3913,3913,0,0,0,0,0,0,287,3626,652,6163,,,,
1416334526.83001,pg_catalog,pg_inherits,0,0,229,0,0,0,0,0,0,0,0,0,100,129,,,,
1416334526.83001,pg_catalog,pg_enum,0,0,0,0,0,0,0,0,0,0,0,0,0,0,,,,
1416334526.83001,pg_toast,pg_toast_2396,0,0,0,0,0,0,0,0,0,0,0,0,0,0,,,,
1416334526.83001,pg_catalog,pg_pltemplate,0,0,0,0,0,0,0,0,0,0,0,0,0,0,,,,
1416334526.83001,pg_toast,pg_toast_2618,0,0,665,2124,0,0,0,0,0,0,384,430,112,960,,,,
1416334526.83001,pg_toast,pg_toast_3596,0,0,0,0,0,0,0,0,0,0,0,0,0,0,,,,
1416334526.83001,public,customer,6,9000000,0,0,1500000,0,0,0,1500000,0,68533,294857,0,0,,,,
1416334526.83001,public,region,2,10,0,0,5,0,0,0,5,0,1,3,0,0,,,,
1416334526.83001,pg_toast,pg_toast_2606,0,0,0,0,0,0,0,0,0,0,0,0,0,0,,,,
1416334526.83001,pg_toast,pg_toast_2964,0,0,0,0,0,0,0,0,0,0,0,0,0,0,,,,
1416334526.83001,pg_toast,pg_toast_12330,0,0,0,0,0,0,0,0,0,0,0,0,0,0,,,,
1416334526.83001,pg_catalog,pg_database,715,2770,25314,25314,0,0,0,0,0,0,79,25950,452,40395,,,,
1416334526.83001,information_schema,sql_sizing_profiles,0,0,,,0,0,0,0,0,0,0,0,,,0,0,0,0
1416334526.83001,pg_toast,pg_toast_2620,0,0,0,0,0,0,0,0,0,0,0,0,0,0,,,,
1416334526.83001,pg_catalog,pg_depend,0,0,9488,10204,1735,0,1746,0,6674,596,1641,12253,2407,24625,,,,
1416334526.83001,pg_catalog,pg_language,0,0,0,0,0,0,0,0,0,0,0,0,0,0,,,,
1416334526.83001,public,time_statistics,0,0,,,1,0,0,0,1,0,1,0,,,,,,
1416334526.83001,public,partsupp,3,24000000,0,0,8000000,0,0,0,8000000,0,340611,954509,0,0,,,,
1416334526.83001,pg_toast,pg_toast_12320,0,0,0,0,0,0,0,0,0,0,0,0,0,0,,,,
1416334526.83001,public,supplier,4,400000,0,0,100000,0,0,0,100000,0,2312,15648,0,0,,,,
1416334526.83001,pg_catalog,pg_amproc,98,196,31931,50331,0,0,0,0,0,0,165,31348,307,71039,,,,
1416334526.83001,public,part,6,12000000,0,0,2000000,0,0,0,2000000,0,79007,327715,0,0,,,,
1416334526.83001,public,orders,4,60000000,0,0,15000000,0,0,0,15000000,0,504554,1558780,0,0,,,,
1416334526.83001,pg_catalog,pg_collation,0,0,0,0,0,0,0,0,0,0,0,0,0,0,,,,
1416334526.83001,pg_catalog,pg_range,0,0,1767,0,0,0,0,0,0,0,0,0,660,2874,,,,
1416334526.83001,pg_toast,pg_toast_2609,0,0,0,0,0,0,0,0,0,0,0,0,0,0,,,,
1416334526.83001,pg_catalog,pg_opclass,98,98,44012,493622,0,0,0,0,0,0,350,196096,719,53820,,,,
1416334526.83001,information_schema,sql_packages,0,0,,,0,0,0,0,0,0,0,0,,,0,0,0,0
1416334526.83001,pg_catalog,pg_rewrite,0,0,1679,1301,126,0,126,0,110,26,865,1553,407,2461,384,430,224,1920
1416334526.83001,pg_toast,pg_toast_1255,0,0,0,0,0,0,0,0,0,0,0,0,0,0,,,,
1416334526.83001,pg_catalog,pg_seclabel,0,0,1016,0,0,0,0,0,0,0,0,0,94,922,0,0,0,0
1416334526.83001,pg_toast,pg_toast_12335,0,0,0,0,0,0,0,0,0,0,0,0,0,0,,,,
1416334526.83001,pg_catalog,pg_ts_parser,0,0,0,0,0,0,0,0,0,0,0,0,0,0,,,,
1416334526.83001,pg_catalog,pg_trigger,0,0,0,0,0,0,0,0,0,0,0,0,0,0,0,0,0,0
1416334526.83001,pg_toast,pg_toast_12340,0,0,0,0,0,0,0,0,0,0,0,0,0,0,,,,
1416334526.83001,pg_catalog,pg_shseclabel,0,0,0,0,0,0,0,0,0,0,0,0,0,0,,,,
1416334526.83001,pg_catalog,pg_event_trigger,0,0,377,0,0,0,0,0,0,0,0,0,107,270,,,,
1416334526.83001,information_schema,sql_features,0,0,,,0,0,0,0,0,0,0,0,,,0,0,0,0
1416334526.83001,information_schema,sql_languages,0,0,,,0,0,0,0,0,0,0,0,,,0,0,0,0
1416334526.83001,pg_catalog,pg_foreign_table,0,0,0,0,0,0,0,0,0,0,0,0,0,0,,,,
1416334526.83001,pg_catalog,pg_extension,0,0,0,0,0,0,0,0,0,0,0,0,0,0,,,,
1416334526.83001,pg_catalog,pg_ts_config,0,0,0,0,0,0,0,0,0,0,0,0,0,0,,,,
1416334526.83001,pg_catalog,pg_shdescription,0,0,0,0,0,0,0,0,0,0,0,0,0,0,0,0,0,0
1416334526.83001,pg_catalog,pg_cast,0,0,244425,57896,0,0,0,0,0,0,332,57564,214,251177,,,,
1416334526.83001,pg_catalog,pg_amop,0,0,65274,95239,0,0,0,0,0,0,501,94738,1088,137985,,,,
1416334526.83001,pg_catalog,pg_user_mapping,0,0,0,0,0,0,0,0,0,0,0,0,0,0,,,,
1416334526.83001,pg_toast,pg_toast_12315,0,0,0,0,0,0,0,0,0,0,0,0,0,0,,,,
1416334526.83001,pg_catalog,pg_type,0,0,172787,171075,454,0,454,0,360,115,1157,171937,1714,355066,,,,
1416334526.83001,pg_catalog,pg_largeobject,0,0,0,0,0,0,0,0,0,0,0,0,0,0,,,,
1416334526.83001,information_schema,sql_parts,0,0,,,0,0,0,0,0,0,0,0,,,0,0,0,0
1416334526.83001,pg_catalog,pg_ts_config_map,0,0,0,0,0,0,0,0,0,0,0,0,0,0,,,,
1416334526.83001,pg_catalog,pg_largeobject_metadata,0,0,0,0,0,0,0,0,0,0,0,0,0,0,,,,
1416334526.83001,pg_catalog,pg_am,7655,7655,0,0,0,0,0,0,0,0,116,7539,0,0,,,,
1416334526.83001,pg_catalog,pg_ts_template,0,0,0,0,0,0,0,0,0,0,0,0,0,0,,,,
1416334526.83001,pg_catalog,pg_foreign_server,0,0,0,0,0,0,0,0,0,0,0,0,0,0,,,,
1416334526.83001,pg_catalog,pg_namespace,278,23352,38340,31165,0,0,0,0,0,0,164,31557,490,45539,,,,
1416334526.83001,pg_toast,pg_toast_2619,0,0,30455,101924,1174,0,978,0,219,16,9675,40355,375,35130,,,,
1416334526.83001,pg_catalog,pg_authid,159,159,14451,14451,0,0,0,0,0,0,98,14512,462,28440,,,,
1416334526.83001,pg_catalog,pg_default_acl,0,0,916,0,0,0,0,0,0,0,0,0,96,820,,,,
1416334526.83001,public,nation,2,50,0,0,25,0,0,0,25,0,1,3,0,0,,,,
1416334526.83001,public,lineitem,4,239944208,0,0,59986052,0,0,0,59986052,0,2067425,5567808,0,0,,,,
1416334526.83001,pg_catalog,pg_shdepend,0,0,1245,229,0,0,0,0,0,0,107,122,408,1295,,,,
1416334526.83001,pg_catalog,pg_constraint,0,0,63,32,31,0,32,0,9,48,17,173,32,311,0,0,0,0
1416334526.83001,information_schema,sql_implementation_info,0,0,,,0,0,0,0,0,0,0,0,,,0,0,0,0
1416334526.83001,pg_catalog,pg_index,964,87298,83053,117326,171,0,175,0,139,51,1036,117270,579,94758,,,,
1416334526.83001,pg_catalog,pg_ts_dict,0,0,0,0,0,0,0,0,0,0,0,0,0,0,,,,
1416334526.83001,pg_toast,pg_toast_2604,0,0,0,0,0,0,0,0,0,0,0,0,0,0,,,,
1416334526.83001,pg_toast,pg_toast_12325,0,0,0,0,0,0,0,0,0,0,0,0,0,0,,,,
1416334526.83001,information_schema,sql_sizing,0,0,,,0,0,0,0,0,0,0,0,,,0,0,0,0
1416334526.83001,pg_catalog,pg_proc,0,0,63615,94278,0,0,0,0,0,0,5490,63013,2758,138225,0,0,0,0
1416334586.83495,pg_catalog,pg_attrdef,0,0,0,0,0,0,0,0,0,0,0,0,0,0,0,0,0,0
1416334586.83495,pg_catalog,pg_db_role_setting,0,0,31124,0,0,0,0,0,0,0,0,0,100,31024,0,0,0,0
1416334586.83495,pg_catalog,pg_rowsecurity,0,0,0,0,0,0,0,0,0,0,0,0,0,0,,,,
1416334586.83495,pg_catalog,pg_description,0,0,1016,0,0,0,0,0,0,0,0,0,288,1973,0,0,0,0
1416334586.83495,pg_catalog,pg_foreign_data_wrapper,0,0,0,0,0,0,0,0,0,0,0,0,0,0,,,,
1416334586.83495,pg_catalog,pg_conversion,0,0,0,0,0,0,0,0,0,0,0,0,0,0,,,,
1416334586.83495,pg_catalog,pg_class,2492,555867,175722,159368,402,126,404,122,335,0,2180,186919,1679,367940,,,,
1416334586.83495,pg_catalog,pg_opfamily,0,0,0,0,0,0,0,0,0,0,0,0,0,0,,,,
1416334586.83495,pg_catalog,pg_auth_members,0,0,0,0,0,0,0,0,0,0,0,0,0,0,,,,
1416334586.83495,pg_catalog,pg_operator,0,0,56117,296242,0,0,0,0,0,0,1657,204665,1409,121550,,,,
1416334586.83495,pg_toast,pg_toast_12345,0,0,0,0,0,0,0,0,0,0,0,0,0,0,,,,
1416334586.83495,pg_catalog,pg_attribute,539,3675,145495,329554,1463,38,1468,38,2509,242,5548,160229,1387,303839,,,,
1416334586.83495,pg_catalog,pg_tablespace,0,0,5151,5151,0,0,0,0,0,0,157,4994,324,9998,,,,
1416334586.83495,pg_catalog,pg_statistic,0,0,40851,39475,308,914,327,856,448,99,3959,38152,486,87237,9675,40359,375,35138
1416334586.83495,pg_catalog,pg_aggregate,0,0,3914,3914,0,0,0,0,0,0,287,3627,652,6165,,,,
1416334586.83495,pg_catalog,pg_inherits,0,0,229,0,0,0,0,0,0,0,0,0,100,129,,,,
1416334586.83495,pg_catalog,pg_enum,0,0,0,0,0,0,0,0,0,0,0,0,0,0,,,,
1416334586.83495,pg_toast,pg_toast_2396,0,0,0,0,0,0,0,0,0,0,0,0,0,0,,,,
1416334586.83495,pg_catalog,pg_pltemplate,0,0,0,0,0,0,0,0,0,0,0,0,0,0,,,,
1416334586.83495,pg_toast,pg_toast_2618,0,0,670,2140,0,0,0,0,0,0,384,436,112,968,,,,
1416334586.83495,pg_toast,pg_toast_3596,0,0,0,0,0,0,0,0,0,0,0,0,0,0,,,,
1416334586.83495,public,customer,6,9000000,0,0,1500000,0,0,0,1500000,0,68533,294857,0,0,,,,
1416334586.83495,public,region,2,10,0,0,5,0,0,0,5,0,1,3,0,0,,,,
1416334586.83495,pg_toast,pg_toast_2606,0,0,0,0,0,0,0,0,0,0,0,0,0,0,,,,
1416334586.83495,pg_toast,pg_toast_2964,0,0,0,0,0,0,0,0,0,0,0,0,0,0,,,,
1416334586.83495,pg_toast,pg_toast_12330,0,0,0,0,0,0,0,0,0,0,0,0,0,0,,,,
1416334586.83495,pg_catalog,pg_database,718,2782,25346,25346,0,0,0,0,0,0,79,25985,452,40441,,,,
1416334586.83495,information_schema,sql_sizing_profiles,0,0,,,0,0,0,0,0,0,0,0,,,0,0,0,0
1416334586.83495,pg_toast,pg_toast_2620,0,0,0,0,0,0,0,0,0,0,0,0,0,0,,,,
1416334586.83495,pg_catalog,pg_depend,0,0,9498,10214,1740,0,1746,0,6679,596,1641,12274,2412,24671,,,,
1416334586.83495,pg_catalog,pg_language,0,0,0,0,0,0,0,0,0,0,0,0,0,0,,,,
1416334586.83495,public,time_statistics,0,0,,,1,0,0,0,1,0,1,0,,,,,,
1416334586.83495,public,partsupp,3,24000000,0,0,8000000,0,0,0,8000000,0,340611,954509,0,0,,,,
1416334586.83495,pg_toast,pg_toast_12320,0,0,0,0,0,0,0,0,0,0,0,0,0,0,,,,
1416334586.83495,public,supplier,4,400000,0,0,100000,0,0,0,100000,0,2312,15648,0,0,,,,
1416334586.83495,pg_catalog,pg_amproc,98,196,31956,50371,0,0,0,0,0,0,165,31373,307,71095,,,,
1416334586.83495,public,part,6,12000000,0,0,2000000,0,0,0,2000000,0,79007,327715,0,0,,,,
1416334586.83495,public,orders,4,60000000,0,0,15000000,0,0,0,15000000,0,504554,1558780,0,0,,,,
1416334586.83495,pg_catalog,pg_collation,0,0,0,0,0,0,0,0,0,0,0,0,0,0,,,,
1416334586.83495,pg_catalog,pg_range,0,0,1767,0,0,0,0,0,0,0,0,0,660,2874,,,,
1416334586.83495,pg_toast,pg_toast_2609,0,0,0,0,0,0,0,0,0,0,0,0,0,0,,,,
1416334586.83495,pg_catalog,pg_opclass,98,98,44048,494121,0,0,0,0,0,0,350,196272,719,53868,,,,
1416334586.83495,information_schema,sql_packages,0,0,,,0,0,0,0,0,0,0,0,,,0,0,0,0
1416334586.83495,pg_catalog,pg_rewrite,0,0,1687,1309,126,0,126,0,110,26,865,1561,407,2475,384,436,224,1936
1416334586.83495,pg_toast,pg_toast_1255,0,0,0,0,0,0,0,0,0,0,0,0,0,0,,,,
1416334586.83495,pg_catalog,pg_seclabel,0,0,1016,0,0,0,0,0,0,0,0,0,94,922,0,0,0,0
1416334586.83495,pg_toast,pg_toast_12335,0,0,0,0,0,0,0,0,0,0,0,0,0,0,,,,
1416334586.83495,pg_catalog,pg_ts_parser,0,0,0,0,0,0,0,0,0,0,0,0,0,0,,,,
1416334586.83495,pg_catalog,pg_trigger,0,0,0,0,0,0,0,0,0,0,0,0,0,0,0,0,0,0
1416334586.83495,pg_toast,pg_toast_12340,0,0,0,0,0,0,0,0,0,0,0,0,0,0,,,,
1416334586.83495,pg_catalog,pg_shseclabel,0,0,0,0,0,0,0,0,0,0,0,0,0,0,,,,
1416334586.83495,pg_catalog,pg_event_trigger,0,0,379,0,0,0,0,0,0,0,0,0,107,272,,,,
1416334586.83495,information_schema,sql_features,0,0,,,0,0,0,0,0,0,0,0,,,0,0,0,0
1416334586.83495,information_schema,sql_languages,0,0,,,0,0,0,0,0,0,0,0,,,0,0,0,0
1416334586.83495,pg_catalog,pg_foreign_table,0,0,0,0,0,0,0,0,0,0,0,0,0,0,,,,
1416334586.83495,pg_catalog,pg_extension,0,0,0,0,0,0,0,0,0,0,0,0,0,0,,,,
1416334586.83495,pg_catalog,pg_ts_config,0,0,0,0,0,0,0,0,0,0,0,0,0,0,,,,
1416334586.83495,pg_catalog,pg_shdescription,0,0,0,0,0,0,0,0,0,0,0,0,0,0,0,0,0,0
1416334586.83495,pg_catalog,pg_cast,0,0,244563,57944,0,0,0,0,0,0,332,57612,214,251323,,,,
1416334586.83495,pg_catalog,pg_amop,0,0,65317,95292,0,0,0,0,0,0,501,94791,1088,138081,,,,
1416334586.83495,pg_catalog,pg_user_mapping,0,0,0,0,0,0,0,0,0,0,0,0,0,0,,,,
1416334586.83495,pg_toast,pg_toast_12315,0,0,0,0,0,0,0,0,0,0,0,0,0,0,,,,
1416334586.83495,pg_catalog,pg_type,0,0,172903,171191,454,0,454,0,360,115,1157,172053,1714,355306,,,,
1416334586.83495,pg_catalog,pg_largeobject,0,0,0,0,0,0,0,0,0,0,0,0,0,0,,,,
1416334586.83495,information_schema,sql_parts,0,0,,,0,0,0,0,0,0,0,0,,,0,0,0,0
1416334586.83495,pg_catalog,pg_ts_config_map,0,0,0,0,0,0,0,0,0,0,0,0,0,0,,,,
1416334586.83495,pg_catalog,pg_largeobject_metadata,0,0,0,0,0,0,0,0,0,0,0,0,0,0,,,,
1416334586.83495,pg_catalog,pg_am,7663,7663,0,0,0,0,0,0,0,0,116,7547,0,0,,,,
1416334586.83495,pg_catalog,pg_ts_template,0,0,0,0,0,0,0,0,0,0,0,0,0,0,,,,
1416334586.83495,pg_catalog,pg_foreign_server,0,0,0,0,0,0,0,0,0,0,0,0,0,0,,,,
1416334586.83495,pg_catalog,pg_namespace,280,23520,38502,31319,0,0,0,0,0,0,164,31715,490,45712,,,,
1416334586.83495,pg_toast,pg_toast_2619,0,0,30459,101932,1174,0,978,0,219,16,9675,40359,375,35138,,,,
1416334586.83495,pg_catalog,pg_authid,160,160,14461,14461,0,0,0,0,0,0,98,14523,462,28460,,,,
1416334586.83495,pg_catalog,pg_default_acl,0,0,916,0,0,0,0,0,0,0,0,0,96,820,,,,
1416334586.83495,public,nation,2,50,0,0,25,0,0,0,25,0,1,3,0,0,,,,
1416334586.83495,public,lineitem,6,359916312,0,0,59986052,0,0,0,59986052,0,2144829,7621238,0,0,,,,
1416334586.83495,pg_catalog,pg_shdepend,0,0,1245,229,0,0,0,0,0,0,107,122,408,1295,,,,
1416334586.83495,pg_catalog,pg_constraint,0,0,63,32,31,0,32,0,9,48,17,173,32,311,0,0,0,0
1416334586.83495,information_schema,sql_implementation_info,0,0,,,0,0,0,0,0,0,0,0,,,0,0,0,0
1416334586.83495,pg_catalog,pg_index,969,87993,83120,117418,173,0,175,0,141,51,1036,117380,579,94843,,,,
1416334586.83495,pg_catalog,pg_ts_dict,0,0,0,0,0,0,0,0,0,0,0,0,0,0,,,,
1416334586.83495,pg_toast,pg_toast_2604,0,0,0,0,0,0,0,0,0,0,0,0,0,0,,,,
1416334586.83495,pg_toast,pg_toast_12325,0,0,0,0,0,0,0,0,0,0,0,0,0,0,,,,
1416334586.83495,information_schema,sql_sizing,0,0,,,0,0,0,0,0,0,0,0,,,0,0,0,0
1416334586.83495,pg_catalog,pg_proc,0,0,63699,94404,0,0,0,0,0,0,5490,63121,2758,138405,0,0,0,0
1416334646.83722,pg_catalog,pg_attrdef,0,0,0,0,0,0,0,0,0,0,0,0,0,0,0,0,0,0
1416334646.83722,pg_catalog,pg_db_role_setting,0,0,31152,0,0,0,0,0,0,0,0,0,100,31052,0,0,0,0
1416334646.83722,pg_catalog,pg_rowsecurity,0,0,0,0,0,0,0,0,0,0,0,0,0,0,,,,
1416334646.83722,pg_catalog,pg_description,0,0,1016,0,0,0,0,0,0,0,0,0,288,1973,0,0,0,0
1416334646.83722,pg_catalog,pg_foreign_data_wrapper,0,0,0,0,0,0,0,0,0,0,0,0,0,0,,,,
1416334646.83722,pg_catalog,pg_conversion,0,0,0,0,0,0,0,0,0,0,0,0,0,0,,,,
1416334646.83722,pg_catalog,pg_class,2501,558564,176054,159700,402,126,404,122,335,0,2180,187369,1679,368615,,,,
1416334646.83722,pg_catalog,pg_opfamily,0,0,0,0,0,0,0,0,0,0,0,0,0,0,,,,
1416334646.83722,pg_catalog,pg_auth_members,0,0,0,0,0,0,0,0,0,0,0,0,0,0,,,,
1416334646.83722,pg_catalog,pg_operator,0,0,56132,296257,0,0,0,0,0,0,1657,204680,1409,121586,,,,
1416334646.83722,pg_toast,pg_toast_12345,0,0,0,0,0,0,0,0,0,0,0,0,0,0,,,,
1416334646.83722,pg_catalog,pg_attribute,539,3675,145684,329848,1463,38,1468,38,2509,242,5548,160422,1387,304222,,,,
1416334646.83722,pg_catalog,pg_tablespace,0,0,5156,5156,0,0,0,0,0,0,157,4999,324,10008,,,,
1416334646.83722,pg_catalog,pg_statistic,0,0,40873,39491,308,914,327,856,448,99,3959,38168,486,87285,9675,40361,375,35142
1416334646.83722,pg_catalog,pg_aggregate,0,0,3915,3915,0,0,0,0,0,0,287,3628,652,6167,,,,
1416334646.83722,pg_catalog,pg_inherits,0,0,229,0,0,0,0,0,0,0,0,0,100,129,,,,
1416334646.83722,pg_catalog,pg_enum,0,0,0,0,0,0,0,0,0,0,0,0,0,0,,,,
1416334646.83722,pg_toast,pg_toast_2396,0,0,0,0,0,0,0,0,0,0,0,0,0,0,,,,
1416334646.83722,pg_catalog,pg_pltemplate,0,0,0,0,0,0,0,0,0,0,0,0,0,0,,,,
1416334646.83722,pg_toast,pg_toast_2618,0,0,675,2156,0,0,0,0,0,0,384,442,112,976,,,,
1416334646.83722,pg_toast,pg_toast_3596,0,0,0,0,0,0,0,0,0,0,0,0,0,0,,,,
1416334646.83722,public,customer,6,9000000,0,0,1500000,0,0,0,1500000,0,68533,294857,0,0,,,,
1416334646.83722,public,region,2,10,0,0,5,0,0,0,5,0,1,3,0,0,,,,
1416334646.83722,pg_toast,pg_toast_2606,0,0,0,0,0,0,0,0,0,0,0,0,0,0,,,,
1416334646.83722,pg_toast,pg_toast_2964,0,0,0,0,0,0,0,0,0,0,0,0,0,0,,,,
1416334646.83722,pg_toast,pg_toast_12330,0,0,0,0,0,0,0,0,0,0,0,0,0,0,,,,
1416334646.83722,pg_catalog,pg_database,721,2794,25375,25375,0,0,0,0,0,0,79,26017,452,40484,,,,
1416334646.83722,information_schema,sql_sizing_profiles,0,0,,,0,0,0,0,0,0,0,0,,,0,0,0,0
1416334646.83722,pg_toast,pg_toast_2620,0,0,0,0,0,0,0,0,0,0,0,0,0,0,,,,
1416334646.83722,pg_catalog,pg_depend,0,0,9498,10214,1740,0,1746,0,6679,596,1641,12274,2412,24671,,,,
1416334646.83722,pg_catalog,pg_language,0,0,0,0,0,0,0,0,0,0,0,0,0,0,,,,
1416334646.83722,public,time_statistics,0,0,,,1,0,0,0,1,0,1,0,,,,,,
1416334646.83722,public,partsupp,3,24000000,0,0,8000000,0,0,0,8000000,0,340611,954509,0,0,,,,
1416334646.83722,pg_toast,pg_toast_12320,0,0,0,0,0,0,0,0,0,0,0,0,0,0,,,,
1416334646.83722,public,supplier,4,400000,0,0,100000,0,0,0,100000,0,2312,15648,0,0,,,,
1416334646.83722,pg_catalog,pg_amproc,98,196,31966,50387,0,0,0,0,0,0,165,31383,307,71118,,,,
1416334646.83722,public,part,6,12000000,0,0,2000000,0,0,0,2000000,0,79007,327715,0,0,,,,
1416334646.83722,public,orders,4,60000000,0,0,15000000,0,0,0,15000000,0,504554,1558780,0,0,,,,
1416334646.83722,pg_catalog,pg_collation,0,0,0,0,0,0,0,0,0,0,0,0,0,0,,,,
1416334646.83722,pg_catalog,pg_range,0,0,1767,0,0,0,0,0,0,0,0,0,660,2874,,,,
1416334646.83722,pg_toast,pg_toast_2609,0,0,0,0,0,0,0,0,0,0,0,0,0,0,,,,
1416334646.83722,pg_catalog,pg_opclass,98,98,44058,494217,0,0,0,0,0,0,350,196306,719,53883,,,,
1416334646.83722,information_schema,sql_packages,0,0,,,0,0,0,0,0,0,0,0,,,0,0,0,0
1416334646.83722,pg_catalog,pg_rewrite,0,0,1693,1315,126,0,126,0,110,26,865,1567,407,2485,384,442,224,1952
1416334646.83722,pg_toast,pg_toast_1255,0,0,0,0,0,0,0,0,0,0,0,0,0,0,,,,
1416334646.83722,pg_catalog,pg_seclabel,0,0,1016,0,0,0,0,0,0,0,0,0,94,922,0,0,0,0
1416334646.83722,pg_toast,pg_toast_12335,0,0,0,0,0,0,0,0,0,0,0,0,0,0,,,,
1416334646.83722,pg_catalog,pg_ts_parser,0,0,0,0,0,0,0,0,0,0,0,0,0,0,,,,
1416334646.83722,pg_catalog,pg_trigger,0,0,0,0,0,0,0,0,0,0,0,0,0,0,0,0,0,0
1416334646.83722,pg_toast,pg_toast_12340,0,0,0,0,0,0,0,0,0,0,0,0,0,0,,,,
1416334646.83722,pg_catalog,pg_shseclabel,0,0,0,0,0,0,0,0,0,0,0,0,0,0,,,,
1416334646.83722,pg_catalog,pg_event_trigger,0,0,379,0,0,0,0,0,0,0,0,0,107,272,,,,
1416334646.83722,information_schema,sql_features,0,0,,,0,0,0,0,0,0,0,0,,,0,0,0,0
1416334646.83722,information_schema,sql_languages,0,0,,,0,0,0,0,0,0,0,0,,,0,0,0,0
1416334646.83722,pg_catalog,pg_foreign_table,0,0,0,0,0,0,0,0,0,0,0,0,0,0,,,,
1416334646.83722,pg_catalog,pg_extension,0,0,0,0,0,0,0,0,0,0,0,0,0,0,,,,
1416334646.83722,pg_catalog,pg_ts_config,0,0,0,0,0,0,0,0,0,0,0,0,0,0,,,,
1416334646.83722,pg_catalog,pg_shdescription,0,0,0,0,0,0,0,0,0,0,0,0,0,0,0,0,0,0
1416334646.83722,pg_catalog,pg_cast,0,0,244603,57966,0,0,0,0,0,0,332,57634,214,251367,,,,
1416334646.83722,pg_catalog,pg_amop,0,0,65340,95321,0,0,0,0,0,0,501,94820,1088,138133,,,,
1416334646.83722,pg_catalog,pg_user_mapping,0,0,0,0,0,0,0,0,0,0,0,0,0,0,,,,
1416334646.83722,pg_toast,pg_toast_12315,0,0,0,0,0,0,0,0,0,0,0,0,0,0,,,,
1416334646.83722,pg_catalog,pg_type,0,0,172975,171263,454,0,454,0,360,115,1157,172125,1714,355454,,,,
1416334646.83722,pg_catalog,pg_largeobject,0,0,0,0,0,0,0,0,0,0,0,0,0,0,,,,
1416334646.83722,information_schema,sql_parts,0,0,,,0,0,0,0,0,0,0,0,,,0,0,0,0
1416334646.83722,pg_catalog,pg_ts_config_map,0,0,0,0,0,0,0,0,0,0,0,0,0,0,,,,
1416334646.83722,pg_catalog,pg_largeobject_metadata,0,0,0,0,0,0,0,0,0,0,0,0,0,0,,,,
1416334646.83722,pg_catalog,pg_am,7666,7666,0,0,0,0,0,0,0,0,116,7550,0,0,,,,
1416334646.83722,pg_catalog,pg_ts_template,0,0,0,0,0,0,0,0,0,0,0,0,0,0,,,,
1416334646.83722,pg_catalog,pg_foreign_server,0,0,0,0,0,0,0,0,0,0,0,0,0,0,,,,
1416334646.83722,pg_catalog,pg_namespace,282,23688,38656,31469,0,0,0,0,0,0,164,31869,490,45873,,,,
1416334646.83722,pg_toast,pg_toast_2619,0,0,30461,101936,1174,0,978,0,219,16,9675,40361,375,35142,,,,
1416334646.83722,pg_catalog,pg_authid,161,161,14471,14471,0,0,0,0,0,0,98,14534,462,28480,,,,
1416334646.83722,pg_catalog,pg_default_acl,0,0,916,0,0,0,0,0,0,0,0,0,96,820,,,,
1416334646.83722,public,nation,2,50,0,0,25,0,0,0,25,0,1,3,0,0,,,,
1416334646.83722,public,lineitem,6,359916312,0,0,59986052,0,0,0,59986052,0,2144829,7621238,0,0,,,,
1416334646.83722,pg_catalog,pg_shdepend,0,0,1245,229,0,0,0,0,0,0,107,122,408,1295,,,,
1416334646.83722,pg_catalog,pg_constraint,0,0,63,32,31,0,32,0,9,48,17,173,32,311,0,0,0,0
1416334646.83722,information_schema,sql_implementation_info,0,0,,,0,0,0,0,0,0,0,0,,,0,0,0,0
1416334646.83722,pg_catalog,pg_index,974,88698,83156,117465,173,0,175,0,141,51,1036,117451,579,94886,,,,
1416334646.83722,pg_catalog,pg_ts_dict,0,0,0,0,0,0,0,0,0,0,0,0,0,0,,,,
1416334646.83722,pg_toast,pg_toast_2604,0,0,0,0,0,0,0,0,0,0,0,0,0,0,,,,
1416334646.83722,pg_toast,pg_toast_12325,0,0,0,0,0,0,0,0,0,0,0,0,0,0,,,,
1416334646.83722,information_schema,sql_sizing,0,0,,,0,0,0,0,0,0,0,0,,,0,0,0,0
1416334646.83722,pg_catalog,pg_proc,0,0,63771,94504,0,0,0,0,0,0,5490,63209,2758,138557,0,0,0,0
1416334706.83846,pg_catalog,pg_attrdef,0,0,0,0,0,0,0,0,0,0,0,0,0,0,0,0,0,0
1416334706.83846,pg_catalog,pg_db_role_setting,0,0,31180,0,0,0,0,0,0,0,0,0,100,31080,0,0,0,0
1416334706.83846,pg_catalog,pg_rowsecurity,0,0,0,0,0,0,0,0,0,0,0,0,0,0,,,,
1416334706.83846,pg_catalog,pg_description,0,0,1016,0,0,0,0,0,0,0,0,0,288,1973,0,0,0,0
1416334706.83846,pg_catalog,pg_foreign_data_wrapper,0,0,0,0,0,0,0,0,0,0,0,0,0,0,,,,
1416334706.83846,pg_catalog,pg_conversion,0,0,0,0,0,0,0,0,0,0,0,0,0,0,,,,
1416334706.83846,pg_catalog,pg_class,2511,561596,176425,160068,403,126,404,122,336,0,2180,187873,1679,369382,,,,
1416334706.83846,pg_catalog,pg_opfamily,0,0,0,0,0,0,0,0,0,0,0,0,0,0,,,,
1416334706.83846,pg_catalog,pg_auth_members,0,0,0,0,0,0,0,0,0,0,0,0,0,0,,,,
1416334706.83846,pg_catalog,pg_operator,0,0,56149,296274,0,0,0,0,0,0,1657,204697,1409,121628,,,,
1416334706.83846,pg_toast,pg_toast_12345,0,0,0,0,0,0,0,0,0,0,0,0,0,0,,,,
1416334706.83846,pg_catalog,pg_attribute,539,3675,145909,330341,1466,38,1468,38,2512,242,5548,160662,1387,304694,,,,
1416334706.83846,pg_catalog,pg_tablespace,0,0,5161,5161,0,0,0,0,0,0,157,5004,324,10018,,,,
1416334706.83846,pg_catalog,pg_statistic,0,0,40898,39510,308,914,327,856,448,99,3959,38187,486,87340,9675,40364,375,35148
1416334706.83846,pg_catalog,pg_aggregate,0,0,3916,3916,0,0,0,0,0,0,287,3629,652,6169,,,,
1416334706.83846,pg_catalog,pg_inherits,0,0,229,0,0,0,0,0,0,0,0,0,100,129,,,,
1416334706.83846,pg_catalog,pg_enum,0,0,0,0,0,0,0,0,0,0,0,0,0,0,,,,
1416334706.83846,pg_toast,pg_toast_2396,0,0,0,0,0,0,0,0,0,0,0,0,0,0,,,,
1416334706.83846,pg_catalog,pg_pltemplate,0,0,0,0,0,0,0,0,0,0,0,0,0,0,,,,
1416334706.83846,pg_toast,pg_toast_2618,0,0,680,2172,0,0,0,0,0,0,384,448,112,984,,,,
1416334706.83846,pg_toast,pg_toast_3596,0,0,0,0,0,0,0,0,0,0,0,0,0,0,,,,
1416334706.83846,public,customer,6,9000000,0,0,1500000,0,0,0,1500000,0,68533,294857,0,0,,,,
1416334706.83846,public,region,2,10,0,0,5,0,0,0,5,0,1,3,0,0,,,,
1416334706.83846,pg_toast,pg_toast_2606,0,0,0,0,0,0,0,0,0,0,0,0,0,0,,,,
1416334706.83846,pg_toast,pg_toast_2964,0,0,0,0,0,0,0,0,0,0,0,0,0,0,,,,
1416334706.83846,pg_toast,pg_toast_12330,0,0,0,0,0,0,0,0,0,0,0,0,0,0,,,,
1416334706.83846,pg_catalog,pg_database,724,2806,25405,25405,0,0,0,0,0,0,79,26050,452,40528,,,,
1416334706.83846,information_schema,sql_sizing_profiles,0,0,,,0,0,0,0,0,0,0,0,,,0,0,0,0
1416334706.83846,pg_toast,pg_toast_2620,0,0,0,0,0,0,0,0,0,0,0,0,0,0,,,,
1416334706.83846,pg_catalog,pg_depend,0,0,9504,10220,1743,0,1746,0,6682,596,1641,12286,2412,24697,,,,
1416334706.83846,pg_catalog,pg_language,0,0,0,0,0,0,0,0,0,0,0,0,0,0,,,,
1416334706.83846,public,time_statistics,0,0,,,1,0,0,0,1,0,1,0,,,,,,
1416334706.83846,public,partsupp,3,24000000,0,0,8000000,0,0,0,8000000,0,340611,954509,0,0,,,,
1416334706.83846,pg_toast,pg_toast_12320,0,0,0,0,0,0,0,0,0,0,0,0,0,0,,,,
1416334706.83846,public,supplier,4,400000,0,0,100000,0,0,0,100000,0,2312,15648,0,0,,,,
1416334706.83846,pg_catalog,pg_amproc,98,196,31987,50421,0,0,0,0,0,0,165,31404,307,71167,,,,
1416334706.83846,public,part,6,12000000,0,0,2000000,0,0,0,2000000,0,79007,327715,0,0,,,,
1416334706.83846,public,orders,4,60000000,0,0,15000000,0,0,0,15000000,0,504554,1558780,0,0,,,,
1416334706.83846,pg_catalog,pg_collation,0,0,0,0,0,0,0,0,0,0,0,0,0,0,,,,
1416334706.83846,pg_catalog,pg_range,0,0,1767,0,0,0,0,0,0,0,0,0,660,2874,,,,
1416334706.83846,pg_toast,pg_toast_2609,0,0,0,0,0,0,0,0,0,0,0,0,0,0,,,,
1416334706.83846,pg_catalog,pg_opclass,98,98,44086,494541,0,0,0,0,0,0,350,196422,719,53922,,,,
1416334706.83846,information_schema,sql_packages,0,0,,,0,0,0,0,0,0,0,0,,,0,0,0,0
1416334706.83846,pg_catalog,pg_rewrite,0,0,1700,1322,126,0,126,0,110,26,865,1574,407,2497,384,448,224,1968
1416334706.83846,pg_toast,pg_toast_1255,0,0,0,0,0,0,0,0,0,0,0,0,0,0,,,,
1416334706.83846,pg_catalog,pg_seclabel,0,0,1016,0,0,0,0,0,0,0,0,0,94,922,0,0,0,0
1416334706.83846,pg_toast,pg_toast_12335,0,0,0,0,0,0,0,0,0,0,0,0,0,0,,,,
1416334706.83846,pg_catalog,pg_ts_parser,0,0,0,0,0,0,0,0,0,0,0,0,0,0,,,,
1416334706.83846,pg_catalog,pg_trigger,0,0,0,0,0,0,0,0,0,0,0,0,0,0,0,0,0,0
1416334706.83846,pg_toast,pg_toast_12340,0,0,0,0,0,0,0,0,0,0,0,0,0,0,,,,
1416334706.83846,pg_catalog,pg_shseclabel,0,0,0,0,0,0,0,0,0,0,0,0,0,0,,,,
1416334706.83846,pg_catalog,pg_event_trigger,0,0,380,0,0,0,0,0,0,0,0,0,107,273,,,,
1416334706.83846,information_schema,sql_features,0,0,,,0,0,0,0,0,0,0,0,,,0,0,0,0
1416334706.83846,information_schema,sql_languages,0,0,,,0,0,0,0,0,0,0,0,,,0,0,0,0
1416334706.83846,pg_catalog,pg_foreign_table,0,0,0,0,0,0,0,0,0,0,0,0,0,0,,,,
1416334706.83846,pg_catalog,pg_extension,0,0,0,0,0,0,0,0,0,0,0,0,0,0,,,,
1416334706.83846,pg_catalog,pg_ts_config,0,0,0,0,0,0,0,0,0,0,0,0,0,0,,,,
1416334706.83846,pg_catalog,pg_shdescription,0,0,0,0,0,0,0,0,0,0,0,0,0,0,0,0,0,0
1416334706.83846,pg_catalog,pg_cast,0,0,244698,58001,0,0,0,0,0,0,332,57669,214,251468,,,,
1416334706.83846,pg_catalog,pg_amop,0,0,65373,95362,0,0,0,0,0,0,501,94861,1088,138207,,,,
1416334706.83846,pg_catalog,pg_user_mapping,0,0,0,0,0,0,0,0,0,0,0,0,0,0,,,,
1416334706.83846,pg_toast,pg_toast_12315,0,0,0,0,0,0,0,0,0,0,0,0,0,0,,,,
1416334706.83846,pg_catalog,pg_type,0,0,173070,171358,454,0,454,0,360,115,1157,172220,1714,355650,,,,
1416334706.83846,pg_catalog,pg_largeobject,0,0,0,0,0,0,0,0,0,0,0,0,0,0,,,,
1416334706.83846,information_schema,sql_parts,0,0,,,0,0,0,0,0,0,0,0,,,0,0,0,0
1416334706.83846,pg_catalog,pg_ts_config_map,0,0,0,0,0,0,0,0,0,0,0,0,0,0,,,,
1416334706.83846,pg_catalog,pg_largeobject_metadata,0,0,0,0,0,0,0,0,0,0,0,0,0,0,,,,
1416334706.83846,pg_catalog,pg_am,7674,7674,0,0,0,0,0,0,0,0,116,7558,0,0,,,,
1416334706.83846,pg_catalog,pg_ts_template,0,0,0,0,0,0,0,0,0,0,0,0,0,0,,,,
1416334706.83846,pg_catalog,pg_foreign_server,0,0,0,0,0,0,0,0,0,0,0,0,0,0,,,,
1416334706.83846,pg_catalog,pg_namespace,284,23856,38815,31622,0,0,0,0,0,0,164,32026,490,46041,,,,
1416334706.83846,pg_toast,pg_toast_2619,0,0,30464,101942,1174,0,978,0,219,16,9675,40364,375,35148,,,,
1416334706.83846,pg_catalog,pg_authid,162,162,14481,14481,0,0,0,0,0,0,98,14545,462,28500,,,,
1416334706.83846,pg_catalog,pg_default_acl,0,0,916,0,0,0,0,0,0,0,0,0,96,820,,,,
1416334706.83846,public,nation,2,50,0,0,25,0,0,0,25,0,1,3,0,0,,,,
1416334706.83846,public,lineitem,7,419902364,0,0,59986052,0,0,0,59986052,0,2149744,8681740,0,0,,,,
1416334706.83846,pg_catalog,pg_shdepend,0,0,1245,229,0,0,0,0,0,0,107,122,408,1295,,,,
1416334706.83846,pg_catalog,pg_constraint,0,0,63,32,31,0,32,0,9,48,17,173,32,311,0,0,0,0
1416334706.83846,information_schema,sql_implementation_info,0,0,,,0,0,0,0,0,0,0,0,,,0,0,0,0
1416334706.83846,pg_catalog,pg_index,979,89403,83210,117537,174,0,175,0,142,51,1036,117544,579,94955,,,,
1416334706.83846,pg_catalog,pg_ts_dict,0,0,0,0,0,0,0,0,0,0,0,0,0,0,,,,
1416334706.83846,pg_toast,pg_toast_2604,0,0,0,0,0,0,0,0,0,0,0,0,0,0,,,,
1416334706.83846,pg_toast,pg_toast_12325,0,0,0,0,0,0,0,0,0,0,0,0,0,0,,,,
1416334706.83846,information_schema,sql_sizing,0,0,,,0,0,0,0,0,0,0,0,,,0,0,0,0
1416334706.83846,pg_catalog,pg_proc,0,0,63849,94617,0,0,0,0,0,0,5490,63307,2758,138723,0,0,0,0
